ticker_yf,ticker_tv,mcap_usd,avg_dollar_vol,sector,industry
MMM,MMM,,,industrials,Industrial Conglomerates
AOS,AOS,,,industrials,Building Products
AAON,AAON,,,industrials,Building Products
ABT,ABT,,,health care,Health Care Equipment
ABBV,ABBV,,,health care,Pharmaceuticals
ACHC,ACHC,,,health care,Health Care Facilities
ACN,ACN,,,information technology,IT Consulting & Other Services
AYI,AYI,,,industrials,Electrical Components & Equipment
ADBE,ADBE,,,information technology,Application Software
ADT,ADT,,,consumer discretionary,
WMS,WMS,,,industrials,Unknown
AMD,AMD,,,information technology,Semiconductors
ACM,ACM,,,industrials,Construction & Engineering
AES,AES,,,utilities,
AMG,AMG,,,financials,Asset Management & Custody Banks
AFRM,AFRM,,,information technology,Unknown
AFL,AFL,,,financials,Life & Health Insurance
AGCO,AGCO,,,industrials,Agricultural & Farm Machinery
A,A,,,health care,Health Care Equipment
ADC,ADC,,,real estate,
AGNC,AGNC,,,financials,Unknown
AL,AL,,,industrials,Unknown
APD,APD,,,materials,
ABNB,ABNB,,,consumer discretionary,
AKAM,AKAM,,,information technology,Internet Services & Infrastructure
ALK,ALK,,,industrials,Passenger Airlines
ALB,ALB,,,materials,
ACI,ACI,,,consumer staples,
AA,AA,,,materials,
ARE,ARE,,,real estate,
ALGN,ALGN,,,health care,Health Care Supplies
ALLE,ALLE,,,industrials,Building Products
ALGM,ALGM,,,information technology,Unknown
LNT,LNT,,,utilities,
ALSN,ALSN,,,industrials,Unknown
ALL,ALL,,,financials,Property & Casualty Insurance
ALLY,ALLY,,,financials,Unknown
ALNY,ALNY,,,health care,Unknown
GOOGL,GOOGL,,,communication services,
GOOG,GOOG,,,communication services,
MO,MO,,,consumer staples,
AMZN,AMZN,,,consumer discretionary,
AMCR,AMCR,,,materials,
DOX,DOX,,,information technology,Unknown
AMTM,AMTM,,,industrials,Diversified Support Services
AS,AS,,,consumer discretionary,
AEE,AEE,,,utilities,
AAL,AAL,,,industrials,Passenger Airlines
AEP,AEP,,,utilities,
AXP,AXP,,,financials,Consumer Finance
AFG,AFG,,,financials,Multi-line Insurance
AMH,AMH,,,real estate,
AIG,AIG,,,financials,Property & Casualty Insurance
AMT,AMT,,,real estate,
AWK,AWK,,,utilities,
COLD,COLD,,,real estate,
AMP,AMP,,,financials,Asset Management & Custody Banks
AME,AME,,,industrials,Electrical Components & Equipment
AMGN,AMGN,,,health care,Biotechnology
AMKR,AMKR,,,information technology,Semiconductors
APH,APH,,,information technology,Electronic Components
ADI,ADI,,,information technology,Semiconductors
AU,AU,,,materials,
NLY,NLY,,,financials,Unknown
AM,AM,,,energy,
AR,AR,,,energy,
AON,AON,,,financials,Insurance Brokers
APA,APA,,,energy,
APG,APG,,,industrials,Construction & Engineering
APLS,APLS,,,health care,Biotechnology
APO,APO,,,financials,Asset Management & Custody Banks
APPF,APPF,,,information technology,Application Software
AAPL,AAPL,,,information technology,"Technology Hardware, Storage & Peripherals"
AIT,AIT,,,industrials,Trading Companies & Distributors
AMAT,AMAT,,,information technology,Semiconductor Materials & Equipment
APP,APP,,,information technology,Application Software
ATR,ATR,,,materials,
APTV,APTV,,,consumer discretionary,
ARMK,ARMK,,,consumer discretionary,
ACGL,ACGL,,,financials,Reinsurance
ADM,ADM,,,consumer staples,
ARES,ARES,,,financials,Unknown
ANET,ANET,,,information technology,Communications Equipment
AWI,AWI,,,industrials,Unknown
ARW,ARW,,,information technology,Technology Distributors
AJG,AJG,,,financials,Insurance Brokers
ASH,ASH,,,materials,
AIZ,AIZ,,,financials,Multi-line Insurance
AGO,AGO,,,financials,Unknown
ALAB,ALAB,,,information technology,Semiconductors
ASTS,ASTS,,,communication services,
T,T,,,communication services,
ATI,ATI,,,industrials,Aerospace & Defense
TEAM,TEAM,,,information technology,Application Software
ATO,ATO,,,utilities,
AUR,AUR,,,information technology,Unknown
ADSK,ADSK,,,information technology,Application Software
ADP,ADP,,,industrials,Human Resource & Employment Services
AN,AN,,,consumer discretionary,
AZO,AZO,,,consumer discretionary,
AVB,AVB,,,real estate,
AVTR,AVTR,,,health care,Unknown
AVY,AVY,,,materials,
CAR,CAR,,,industrials,Passenger Ground Transportation
AVT,AVT,,,information technology,Technology Distributors
AXTA,AXTA,,,materials,
AXS,AXS,,,financials,Unknown
AXON,AXON,,,industrials,Aerospace & Defense
BKR,BKR,,,energy,
BALL,BALL,,,materials,
BAC,BAC,,,financials,Diversified Banks
OZK,OZK,,,financials,Regional Banks
BBWI,BBWI,,,consumer discretionary,
BAX,BAX,,,health care,Health Care Equipment
BDX,BDX,,,health care,Health Care Equipment
BRBR,BRBR,,,consumer staples,
BSY,BSY,,,information technology,Unknown
BRK-B,BRK.B,,,financials,Multi-Sector Holdings
BBY,BBY,,,consumer discretionary,
BILL,BILL,,,information technology,Unknown
BIO,BIO,,,health care,Life Sciences Tools & Services
TECH,TECH,,,health care,Life Sciences Tools & Services
BIIB,BIIB,,,health care,Biotechnology
BMRN,BMRN,,,health care,Unknown
BIRK,BIRK,,,consumer discretionary,
BJ,BJ,,,consumer staples,
BLK,BLK,,,financials,Asset Management & Custody Banks
BX,BX,,,financials,Asset Management & Custody Banks
HRB,HRB,,,consumer discretionary,
XYZ,XYZ,,,financials,Transaction & Payment Processing Services
OWL,OWL,,,financials,Unknown
BK,BK,,,financials,Asset Management & Custody Banks
BA,BA,,,industrials,Aerospace & Defense
BOKF,BOKF,,,financials,Unknown
BKNG,BKNG,,,consumer discretionary,
BAH,BAH,,,industrials,Unknown
BWA,BWA,,,consumer discretionary,
SAM,SAM,,,consumer staples,
BSX,BSX,,,health care,Health Care Equipment
BYD,BYD,,,consumer discretionary,
BFAM,BFAM,,,consumer discretionary,
BHF,BHF,,,financials,Life & Health Insurance
BMY,BMY,,,health care,Health Care Distributors
BRX,BRX,,,real estate,
AVGO,AVGO,,,information technology,Semiconductors
BR,BR,,,industrials,Data Processing & Outsourced Services
BAM,BAM,,,financials,Asset Management & Custody Banks
BEPC,BEPC,,,utilities,
BRO,BRO,,,financials,Insurance Brokers
BF-A,BF.A,,,consumer staples,
BF-B,BF.B,,,consumer staples,
BRKR,BRKR,,,health care,Health Care Equipment
BC,BC,,,consumer discretionary,
BLDR,BLDR,,,industrials,Building Products
BG,BG,,,consumer staples,
BURL,BURL,,,consumer discretionary,
BWXT,BWXT,,,industrials,Unknown
BXP,BXP,,,real estate,
CHRW,CHRW,,,industrials,Air Freight & Logistics
CACI,CACI,,,industrials,Diversified Support Services
CDNS,CDNS,,,information technology,Application Software
CZR,CZR,,,consumer discretionary,
CPT,CPT,,,real estate,
CPB,CPB,,,consumer staples,
COF,COF,,,financials,Consumer Finance
CAH,CAH,,,health care,Health Care Distributors
CSL,CSL,,,industrials,Industrial Conglomerates
CG,CG,,,financials,Unknown
KMX,KMX,,,consumer discretionary,
CCL,CCL,,,consumer discretionary,
CRS,CRS,,,materials,
CARR,CARR,,,industrials,Building Products
CVNA,CVNA,,,consumer discretionary,
CASY,CASY,,,consumer staples,
CAT,CAT,,,industrials,Construction Machinery & Heavy Transportation Equipment
CAVA,CAVA,,,consumer discretionary,
CBOE,CBOE,,,financials,Financial Exchanges & Data
CBRE,CBRE,,,real estate,
CCCS,CCCS,,,information technology,Unknown
CDW,CDW,,,information technology,Technology Distributors
CE,CE,,,materials,
CELH,CELH,,,consumer staples,
COR,COR,,,health care,Health Care Distributors
CNC,CNC,,,health care,Managed Health Care
CNP,CNP,,,utilities,
CERT,CERT,,,health care,Unknown
CF,CF,,,materials,
CRL,CRL,,,health care,Life Sciences Tools & Services
SCHW,SCHW,,,financials,Investment Banking & Brokerage
CHTR,CHTR,,,communication services,
CHE,CHE,,,health care,Health Care Services
LNG,LNG,,,energy,
CVX,CVX,,,energy,
CHWY,CHWY,,,consumer discretionary,
CMG,CMG,,,consumer discretionary,
CHH,CHH,,,consumer discretionary,
CHRD,CHRD,,,energy,
CB,CB,,,financials,Property & Casualty Insurance
CHD,CHD,,,consumer staples,
CHDN,CHDN,,,consumer discretionary,
CIEN,CIEN,,,information technology,Communications Equipment
CI,CI,,,health care,Managed Health Care
CINF,CINF,,,financials,Property & Casualty Insurance
CTAS,CTAS,,,industrials,Diversified Support Services
CRUS,CRUS,,,information technology,Semiconductors
CSCO,CSCO,,,information technology,Communications Equipment
C,C,,,financials,Diversified Banks
CFG,CFG,,,financials,Regional Banks
CIVI,CIVI,,,energy,
CLVT,CLVT,,,industrials,Unknown
CLH,CLH,,,industrials,Environmental & Facilities Services
CWEN-A,CWEN.A,,,utilities,
CWEN,CWEN,,,utilities,
CLF,CLF,,,materials,
CLX,CLX,,,consumer staples,
NET,NET,,,information technology,Unknown
CME,CME,,,financials,Financial Exchanges & Data
CMS,CMS,,,utilities,
CNA,CNA,,,financials,Unknown
CNH,CNH,,,industrials,Unknown
KO,KO,,,consumer staples,
COKE,COKE,,,consumer staples,
CGNX,CGNX,,,information technology,Electronic Equipment & Instruments
CTSH,CTSH,,,information technology,IT Consulting & Other Services
COHR,COHR,,,information technology,Electronic Components
COIN,COIN,,,financials,Unknown
CL,CL,,,consumer staples,
COLB,COLB,,,financials,Regional Banks
COLM,COLM,,,consumer discretionary,
CMCSA,CMCSA,,,communication services,
CMA,CMA,,,financials,Diversified Banks
FIX,FIX,,,industrials,Construction & Engineering
CBSH,CBSH,,,financials,Regional Banks
CAG,CAG,,,consumer staples,
CNXC,CNXC,,,information technology,Data Processing & Outsourced Services
CFLT,CFLT,,,information technology,Unknown
COP,COP,,,energy,
ED,ED,,,utilities,
STZ,STZ,,,consumer staples,
CEG,CEG,,,utilities,
COO,COO,,,health care,Health Care Supplies
CPRT,CPRT,,,industrials,Diversified Support Services
CORT,CORT,,,health care,Pharmaceuticals
CNM,CNM,,,industrials,Trading Companies & Distributors
GLW,GLW,,,information technology,Electronic Components
CPAY,CPAY,,,financials,Transaction & Payment Processing Services
CTVA,CTVA,,,materials,
CSGP,CSGP,,,real estate,
COST,COST,,,consumer staples,
CTRA,CTRA,,,energy,
COTY,COTY,,,consumer staples,
CPNG,CPNG,,,consumer discretionary,
CUZ,CUZ,,,real estate,
CR,CR,,,industrials,Industrial Machinery & Supplies & Components
CXT,CXT,,,industrials,Industrial Machinery & Supplies & Components
CACC,CACC,,,financials,Unknown
CRH,CRH,,,materials,
CROX,CROX,,,consumer discretionary,
CRWD,CRWD,,,information technology,Application Software
CCI,CCI,,,real estate,
CCK,CCK,,,materials,
CSX,CSX,,,industrials,Rail Transportation
CUBE,CUBE,,,real estate,
CMI,CMI,,,industrials,Industrial Machinery & Supplies & Components
CW,CW,,,industrials,Aerospace & Defense
CVS,CVS,,,health care,Health Care Services
DHI,DHI,,,consumer discretionary,
DHR,DHR,,,health care,Life Sciences Tools & Services
DRI,DRI,,,consumer discretionary,
DAR,DAR,,,consumer staples,
DDOG,DDOG,,,information technology,Application Software
DVA,DVA,,,health care,Health Care Facilities
DAY,DAY,,,industrials,Human Resource & Employment Services
DECK,DECK,,,consumer discretionary,
DE,DE,,,industrials,Agricultural & Farm Machinery
DAL,DAL,,,industrials,Passenger Airlines
DELL,DELL,,,information technology,"Technology Hardware, Storage & Peripherals"
XRAY,XRAY,,,health care,Health Care Supplies
DVN,DVN,,,energy,
DXCM,DXCM,,,health care,Health Care Equipment
FANG,FANG,,,energy,
DKS,DKS,,,consumer discretionary,
DLR,DLR,,,real estate,
DDS,DDS,,,consumer discretionary,
DOCU,DOCU,,,information technology,Application Software
DLB,DLB,,,information technology,Unknown
DG,DG,,,consumer staples,
DLTR,DLTR,,,consumer staples,
D,D,,,utilities,
DPZ,DPZ,,,consumer discretionary,
DCI,DCI,,,industrials,Industrial Machinery & Supplies & Components
DASH,DASH,,,consumer discretionary,
DV,DV,,,information technology,Unknown
DOV,DOV,,,industrials,Industrial Machinery & Supplies & Components
DOW,DOW,,,materials,
DOCS,DOCS,,,health care,Unknown
DKNG,DKNG,,,consumer discretionary,
DBX,DBX,,,information technology,Unknown
DTM,DTM,,,energy,
DTE,DTE,,,utilities,
DUK,DUK,,,utilities,
DNB,DNB,,,industrials,Unknown
DUOL,DUOL,,,consumer discretionary,
DD,DD,,,materials,
BROS,BROS,,,consumer discretionary,
DXC,DXC,,,information technology,IT Consulting & Other Services
DT,DT,,,information technology,Unknown
ELF,ELF,,,consumer staples,
EXP,EXP,,,materials,
EWBC,EWBC,,,financials,Regional Banks
EGP,EGP,,,real estate,
EMN,EMN,,,materials,
ETN,ETN,,,industrials,Electrical Components & Equipment
EBAY,EBAY,,,consumer discretionary,
ECL,ECL,,,materials,
EIX,EIX,,,utilities,
EW,EW,,,health care,Health Care Equipment
ELAN,ELAN,,,health care,Unknown
ESTC,ESTC,,,information technology,Unknown
EA,EA,,,communication services,
ESI,ESI,,,materials,
ELV,ELV,,,health care,Managed Health Care
EME,EME,,,industrials,Construction & Engineering
EMR,EMR,,,industrials,Electrical Components & Equipment
EHC,EHC,,,health care,Health Care Facilities
ENPH,ENPH,,,information technology,Electronic Components
ENTG,ENTG,,,information technology,Unknown
ETR,ETR,,,utilities,
NVST,NVST,,,health care,Health Care Supplies
EOG,EOG,,,energy,
EPAM,EPAM,,,information technology,IT Consulting & Other Services
EPR,EPR,,,real estate,
EQT,EQT,,,energy,
EFX,EFX,,,industrials,Research & Consulting Services
EQIX,EQIX,,,real estate,
EQH,EQH,,,financials,Unknown
ELS,ELS,,,real estate,
EQR,EQR,,,real estate,
ESAB,ESAB,,,industrials,Industrial Machinery & Supplies & Components
WTRG,WTRG,,,utilities,
ESS,ESS,,,real estate,
EL,EL,,,consumer staples,
ETSY,ETSY,,,consumer discretionary,
EEFT,EEFT,,,financials,Transaction & Payment Processing Services
EVR,EVR,,,financials,Investment Banking & Brokerage
EG,EG,,,financials,Reinsurance
EVRG,EVRG,,,utilities,
ES,ES,,,utilities,
ECG,ECG,,,industrials,Construction & Engineering
EXAS,EXAS,,,health care,Unknown
EXEL,EXEL,,,health care,Biotechnology
EXC,EXC,,,utilities,
EXLS,EXLS,,,industrials,Data Processing & Outsourced Services
EXE,EXE,,,energy,
EXPE,EXPE,,,consumer discretionary,
EXPD,EXPD,,,industrials,Air Freight & Logistics
EXR,EXR,,,real estate,
XOM,XOM,,,energy,
FFIV,FFIV,,,information technology,Communications Equipment
FDS,FDS,,,financials,Financial Exchanges & Data
FICO,FICO,,,information technology,Application Software
FAST,FAST,,,industrials,Building Products
FRT,FRT,,,real estate,
FDX,FDX,,,industrials,Air Freight & Logistics
FERG,FERG,,,industrials,Industrial Machinery & Supplies & Components
FNF,FNF,,,financials,Unknown
FIS,FIS,,,financials,Transaction & Payment Processing Services
FITB,FITB,,,financials,Regional Banks
FAF,FAF,,,financials,Property & Casualty Insurance
FCNCA,FCNCA,,,financials,Unknown
FHB,FHB,,,financials,Regional Banks
FHN,FHN,,,financials,Regional Banks
FR,FR,,,real estate,
FSLR,FSLR,,,information technology,Semiconductors
FE,FE,,,utilities,
FI,FI,,,financials,Transaction & Payment Processing Services
FIVE,FIVE,,,consumer discretionary,
FLEX,FLEX,,,information technology,Electronic Manufacturing Services
FND,FND,,,consumer discretionary,
FLO,FLO,,,consumer staples,
FLS,FLS,,,industrials,Industrial Machinery & Supplies & Components
FLUT,FLUT,,,consumer discretionary,
FMC,FMC,,,materials,
FNB,FNB,,,financials,Regional Banks
F,F,,,consumer discretionary,
FTNT,FTNT,,,information technology,Systems Software
FTV,FTV,,,industrials,Industrial Machinery & Supplies & Components
FBIN,FBIN,,,industrials,Building Products
FOXA,FOXA,,,communication services,
FOX,FOX,,,communication services,
BEN,BEN,,,financials,Asset Management & Custody Banks
FRHC,FRHC,,,financials,Unknown
FCX,FCX,,,materials,
FRPT,FRPT,,,consumer staples,
FYBR,FYBR,,,communication services,
CFR,CFR,,,financials,Regional Banks
FTAI,FTAI,,,industrials,Unknown
FCN,FCN,,,industrials,Research & Consulting Services
GME,GME,,,consumer discretionary,
GLPI,GLPI,,,real estate,
GAP,GAP,,,consumer discretionary,
GRMN,GRMN,,,consumer discretionary,
IT,IT,,,information technology,IT Consulting & Other Services
GTES,GTES,,,industrials,Unknown
GLIBA,GLIBA,,,communication services,
GLIBK,GLIBK,,,communication services,
GE,GE,,,industrials,Aerospace & Defense
GEHC,GEHC,,,health care,Health Care Equipment
GEV,GEV,,,industrials,Industrial Machinery & Supplies & Components
GEN,GEN,,,information technology,Application Software
GNRC,GNRC,,,industrials,Electrical Components & Equipment
GD,GD,,,industrials,Aerospace & Defense
GIS,GIS,,,consumer staples,
GM,GM,,,consumer discretionary,
G,G,,,information technology,IT Consulting & Other Services
GNTX,GNTX,,,consumer discretionary,
GPC,GPC,,,consumer discretionary,
GILD,GILD,,,health care,Biotechnology
GTLB,GTLB,,,information technology,Unknown
GPN,GPN,,,financials,Transaction & Payment Processing Services
GFS,GFS,,,information technology,Unknown
GLOB,GLOB,,,information technology,Unknown
GL,GL,,,financials,Life & Health Insurance
GMED,GMED,,,health care,Health Care Equipment
GDDY,GDDY,,,information technology,Unknown
GS,GS,,,financials,Investment Banking & Brokerage
GGG,GGG,,,industrials,Industrial Machinery & Supplies & Components
LOPE,LOPE,,,consumer discretionary,
GPK,GPK,,,materials,
GWRE,GWRE,,,information technology,Unknown
GXO,GXO,,,industrials,Air Freight & Logistics
HAL,HAL,,,energy,
HALO,HALO,,,health care,Biotechnology
HLNE,HLNE,,,financials,Unknown
THG,THG,,,financials,Property & Casualty Insurance
HOG,HOG,,,consumer discretionary,
HIG,HIG,,,financials,Property & Casualty Insurance
HAS,HAS,,,consumer discretionary,
HAYW,HAYW,,,industrials,Unknown
HCA,HCA,,,health care,Health Care Facilities
HR,HR,,,real estate,
DOC,DOC,,,real estate,
HEI-A,HEI.A,,,industrials,Aerospace & Defense
HEI,HEI,,,industrials,Aerospace & Defense
JKHY,JKHY,,,financials,Transaction & Payment Processing Services
HSY,HSY,,,consumer staples,
HPE,HPE,,,information technology,"Technology Hardware, Storage & Peripherals"
HXL,HXL,,,industrials,Aerospace & Defense
DINO,DINO,,,energy,
HIW,HIW,,,real estate,
HLT,HLT,,,consumer discretionary,
HOLX,HOLX,,,health care,Health Care Equipment
HD,HD,,,consumer discretionary,
HON,HON,,,industrials,Industrial Conglomerates
HRL,HRL,,,consumer staples,
HST,HST,,,real estate,
HLI,HLI,,,financials,Unknown
HHH,HHH,,,real estate,
HWM,HWM,,,industrials,Aerospace & Defense
HPQ,HPQ,,,information technology,"Technology Hardware, Storage & Peripherals"
HUBB,HUBB,,,industrials,Industrial Machinery & Supplies & Components
HUBS,HUBS,,,information technology,Unknown
HUM,HUM,,,health care,Managed Health Care
HBAN,HBAN,,,financials,Regional Banks
HII,HII,,,industrials,Aerospace & Defense
HUN,HUN,,,materials,
H,H,,,consumer discretionary,
IAC,IAC,,,communication services,
IBM,IBM,,,information technology,IT Consulting & Other Services
IDA,IDA,,,utilities,
IEX,IEX,,,industrials,Industrial Machinery & Supplies & Components
IDXX,IDXX,,,health care,Health Care Equipment
ITW,ITW,,,industrials,Industrial Machinery & Supplies & Components
ILMN,ILMN,,,health care,Life Sciences Tools & Services
INCY,INCY,,,health care,Biotechnology
INFA,INFA,,,information technology,Unknown
IR,IR,,,industrials,Industrial Machinery & Supplies & Components
INGM,INGM,,,information technology,Technology Distributors
INGR,INGR,,,consumer staples,
INSM,INSM,,,health care,Biotechnology
INSP,INSP,,,health care,Unknown
PODD,PODD,,,health care,Unknown
INTC,INTC,,,information technology,Semiconductors
IBKR,IBKR,,,financials,Investment Banking & Brokerage
ICE,ICE,,,financials,Financial Exchanges & Data
IFF,IFF,,,materials,
IP,IP,,,materials,
IPG,IPG,,,communication services,
INTU,INTU,,,information technology,Application Software
ISRG,ISRG,,,health care,Health Care Equipment
IVZ,IVZ,,,financials,Asset Management & Custody Banks
INVH,INVH,,,real estate,
IONS,IONS,,,health care,Unknown
IPGP,IPGP,,,information technology,Electronic Manufacturing Services
IQV,IQV,,,health care,Life Sciences Tools & Services
IRDM,IRDM,,,communication services,
IRM,IRM,,,real estate,
ITT,ITT,,,industrials,Industrial Machinery & Supplies & Components
JBL,JBL,,,information technology,Electronic Manufacturing Services
J,J,,,industrials,Construction & Engineering
JHX,JHX,,,materials,
JHG,JHG,,,financials,Asset Management & Custody Banks
JAZZ,JAZZ,,,health care,Pharmaceuticals
JBHT,JBHT,,,industrials,Cargo Ground Transportation
JEF,JEF,,,financials,Multi-Sector Holdings
JNJ,JNJ,,,health care,Pharmaceuticals
JCI,JCI,,,industrials,Building Products
JLL,JLL,,,real estate,
JPM,JPM,,,financials,Diversified Banks
KRMN,KRMN,,,industrials,Unknown
KBR,KBR,,,industrials,Diversified Support Services
K,K,,,consumer staples,
KMPR,KMPR,,,financials,Multi-line Insurance
KVUE,KVUE,,,consumer staples,
KDP,KDP,,,consumer staples,
KEY,KEY,,,financials,Regional Banks
KEYS,KEYS,,,information technology,Electronic Equipment & Instruments
KRC,KRC,,,real estate,
KMB,KMB,,,consumer staples,
KIM,KIM,,,real estate,
KMI,KMI,,,energy,
KNSL,KNSL,,,financials,Unknown
KEX,KEX,,,industrials,Marine Transportation
KKR,KKR,,,financials,Asset Management & Custody Banks
KLAC,KLAC,,,information technology,Semiconductor Materials & Equipment
KNX,KNX,,,industrials,Cargo Ground Transportation
KHC,KHC,,,consumer staples,
KR,KR,,,consumer staples,
KD,KD,,,information technology,IT Consulting & Other Services
LHX,LHX,,,industrials,Aerospace & Defense
LH,LH,,,health care,Health Care Services
LRCX,LRCX,,,information technology,Semiconductor Materials & Equipment
LAMR,LAMR,,,real estate,
LW,LW,,,consumer staples,
LSTR,LSTR,,,industrials,Cargo Ground Transportation
LVS,LVS,,,consumer discretionary,
LSCC,LSCC,,,information technology,Semiconductors
LAZ,LAZ,,,financials,Unknown
LEA,LEA,,,consumer discretionary,
LDOS,LDOS,,,industrials,Diversified Support Services
LEN,LEN,,,consumer discretionary,
LEN-B,LEN.B,,,consumer discretionary,
LII,LII,,,industrials,Building Products
DRS,DRS,,,industrials,Aerospace & Defense
LBRDA,LBRDA,,,communication services,
LBRDK,LBRDK,,,communication services,
LBTYA,LBTYA,,,communication services,
LBTYK,LBTYK,,,communication services,
FWONA,FWONA,,,communication services,
FWONK,FWONK,,,communication services,
LLYVA,LLYVA,,,communication services,
LLYVK,LLYVK,,,communication services,
LNW,LNW,,,consumer discretionary,
LLY,LLY,,,health care,Pharmaceuticals
LECO,LECO,,,industrials,Industrial Machinery & Supplies & Components
LNC,LNC,,,financials,Multi-line Insurance
LIN,LIN,,,materials,
LINE,LINE,,,real estate,
LAD,LAD,,,consumer discretionary,
LFUS,LFUS,,,information technology,Electronic Components
LYV,LYV,,,communication services,
LKQ,LKQ,,,consumer discretionary,
LOAR,LOAR,,,industrials,Aerospace & Defense
LMT,LMT,,,industrials,Aerospace & Defense
L,L,,,financials,Multi-line Insurance
LPX,LPX,,,materials,
LOW,LOW,,,consumer discretionary,
LPLA,LPLA,,,financials,Unknown
LCID,LCID,,,consumer discretionary,
LULU,LULU,,,consumer discretionary,
LITE,LITE,,,information technology,Unknown
LYFT,LYFT,,,industrials,Passenger Ground Transportation
LYB,LYB,,,materials,
MTB,MTB,,,financials,Regional Banks
MTSI,MTSI,,,information technology,Semiconductors
M,M,,,consumer discretionary,
MSGS,MSGS,,,communication services,
MANH,MANH,,,information technology,Unknown
MAN,MAN,,,industrials,Human Resource & Employment Services
CART,CART,,,consumer staples,
MPC,MPC,,,energy,
MKL,MKL,,,financials,Unknown
MKTX,MKTX,,,financials,Financial Exchanges & Data
MAR,MAR,,,consumer discretionary,
MMC,MMC,,,financials,Insurance Brokers
MLM,MLM,,,materials,
MRVL,MRVL,,,information technology,Semiconductors
MAS,MAS,,,industrials,Building Products
MASI,MASI,,,health care,Health Care Equipment
MTZ,MTZ,,,industrials,Construction & Engineering
MA,MA,,,financials,Transaction & Payment Processing Services
MTDR,MTDR,,,energy,
MTCH,MTCH,,,communication services,
MAT,MAT,,,consumer discretionary,
MKC,MKC,,,consumer staples,
MCD,MCD,,,consumer discretionary,
MCK,MCK,,,health care,Health Care Distributors
MDU,MDU,,,utilities,
MPW,MPW,,,real estate,
MEDP,MEDP,,,health care,Unknown
MDT,MDT,,,health care,Health Care Equipment
MRK,MRK,,,health care,Pharmaceuticals
META,META,,,communication services,
MET,MET,,,financials,Life & Health Insurance
MTD,MTD,,,health care,Life Sciences Tools & Services
MTG,MTG,,,financials,Reinsurance
MGM,MGM,,,consumer discretionary,
MCHP,MCHP,,,information technology,Semiconductors
MU,MU,,,information technology,Semiconductors
MSFT,MSFT,,,information technology,Systems Software
MSTR,MSTR,,,information technology,Application Software
MAA,MAA,,,real estate,
MIDD,MIDD,,,industrials,Industrial Machinery & Supplies & Components
TIGO,TIGO,,,communication services,
MRP,MRP,,,consumer discretionary,
MKSI,MKSI,,,information technology,Semiconductor Materials & Equipment
MRNA,MRNA,,,health care,Biotechnology
MHK,MHK,,,consumer discretionary,
MOH,MOH,,,health care,Managed Health Care
TAP,TAP,,,consumer staples,
MDLZ,MDLZ,,,consumer staples,
MDB,MDB,,,information technology,Systems Software
MPWR,MPWR,,,information technology,Semiconductors
MNST,MNST,,,consumer staples,
MCO,MCO,,,financials,Financial Exchanges & Data
MS,MS,,,financials,Investment Banking & Brokerage
MORN,MORN,,,financials,Unknown
MOS,MOS,,,materials,
MSI,MSI,,,information technology,Communications Equipment
MP,MP,,,materials,
COOP,COOP,,,financials,Commercial & Residential Mortgage Finance
MSA,MSA,,,industrials,Office Services & Supplies
MSM,MSM,,,industrials,Trading Companies & Distributors
MSCI,MSCI,,,financials,Financial Exchanges & Data
MLI,MLI,,,industrials,Industrial Machinery & Supplies & Components
MUSA,MUSA,,,consumer discretionary,
NDAQ,NDAQ,,,financials,Financial Exchanges & Data
NTRA,NTRA,,,health care,Unknown
NFG,NFG,,,utilities,
NSA,NSA,,,real estate,
NCNO,NCNO,,,information technology,Unknown
NTAP,NTAP,,,information technology,"Technology Hardware, Storage & Peripherals"
NFLX,NFLX,,,communication services,
NBIX,NBIX,,,health care,Biotechnology
NYT,NYT,,,communication services,
NWL,NWL,,,consumer discretionary,
NEU,NEU,,,materials,
NEM,NEM,,,materials,
NWSA,NWSA,,,communication services,
NWS,NWS,,,communication services,
NXST,NXST,,,communication services,
NEE,NEE,,,utilities,
NKE,NKE,,,consumer discretionary,
NI,NI,,,utilities,
NNN,NNN,,,real estate,
NDSN,NDSN,,,industrials,Industrial Machinery & Supplies & Components
NSC,NSC,,,industrials,Rail Transportation
NTRS,NTRS,,,financials,Asset Management & Custody Banks
NOC,NOC,,,industrials,Aerospace & Defense
NCLH,NCLH,,,consumer discretionary,
NOV,NOV,,,energy,
NRG,NRG,,,utilities,
NU,NU,,,financials,Unknown
NUE,NUE,,,materials,
NTNX,NTNX,,,information technology,Unknown
NVT,NVT,,,industrials,Unknown
NVDA,NVDA,,,information technology,Semiconductors
NVR,NVR,,,consumer discretionary,
ORLY,ORLY,,,consumer discretionary,
OXY,OXY,,,energy,
OGE,OGE,,,utilities,
OKTA,OKTA,,,information technology,Application Software
ODFL,ODFL,,,industrials,Cargo Ground Transportation
ORI,ORI,,,financials,Property & Casualty Insurance
OLN,OLN,,,materials,
OLLI,OLLI,,,consumer discretionary,
OHI,OHI,,,real estate,
OMC,OMC,,,communication services,
ONON,ONON,,,consumer discretionary,
ON,ON,,,information technology,Semiconductors
OMF,OMF,,,financials,Unknown
OKE,OKE,,,energy,
ONTO,ONTO,,,information technology,Semiconductor Materials & Equipment
ORCL,ORCL,,,information technology,Application Software
OGN,OGN,,,health care,Pharmaceuticals
OSK,OSK,,,industrials,Construction Machinery & Heavy Transportation Equipment
OTIS,OTIS,,,industrials,Industrial Machinery & Supplies & Components
OVV,OVV,,,energy,
OC,OC,,,industrials,Building Products
PCAR,PCAR,,,industrials,Construction Machinery & Heavy Transportation Equipment
PKG,PKG,,,materials,
PLTR,PLTR,,,information technology,Internet Services & Infrastructure
PANW,PANW,,,information technology,Systems Software
PK,PK,,,real estate,
PH,PH,,,industrials,Industrial Machinery & Supplies & Components
PSN,PSN,,,industrials,Aerospace & Defense
PAYX,PAYX,,,industrials,Human Resource & Employment Services
PAYC,PAYC,,,information technology,Application Software
PCTY,PCTY,,,information technology,Application Software
PYPL,PYPL,,,financials,Transaction & Payment Processing Services
PEGA,PEGA,,,information technology,Unknown
PENN,PENN,,,consumer discretionary,
PAG,PAG,,,consumer discretionary,
PNR,PNR,,,industrials,Industrial Machinery & Supplies & Components
PEN,PEN,,,health care,Health Care Equipment
PEP,PEP,,,consumer staples,
PFGC,PFGC,,,consumer staples,
PR,PR,,,energy,
PRGO,PRGO,,,health care,Pharmaceuticals
PFE,PFE,,,health care,Pharmaceuticals
PCG,PCG,,,utilities,
PM,PM,,,consumer staples,
PSX,PSX,,,energy,
PPC,PPC,,,consumer staples,
PNFP,PNFP,,,financials,Regional Banks
PNW,PNW,,,utilities,
PINS,PINS,,,communication services,
PLNT,PLNT,,,consumer discretionary,
PNC,PNC,,,financials,Regional Banks
POOL,POOL,,,consumer discretionary,
BPOP,BPOP,,,financials,Unknown
POST,POST,,,consumer staples,
PPG,PPG,,,materials,
PPL,PPL,,,utilities,
TROW,TROW,,,financials,Asset Management & Custody Banks
PRI,PRI,,,financials,Life & Health Insurance
PRMB,PRMB,,,consumer staples,
PFG,PFG,,,financials,Life & Health Insurance
PCOR,PCOR,,,information technology,Unknown
PG,PG,,,consumer staples,
PGR,PGR,,,financials,Property & Casualty Insurance
PLD,PLD,,,real estate,
PB,PB,,,financials,Regional Banks
PRU,PRU,,,financials,Life & Health Insurance
PTC,PTC,,,information technology,Application Software
PSA,PSA,,,real estate,
PEG,PEG,,,utilities,
PHM,PHM,,,consumer discretionary,
PSTG,PSTG,,,information technology,Unknown
PVH,PVH,,,consumer discretionary,
QGEN,QGEN,,,health care,Unknown
QRVO,QRVO,,,information technology,Semiconductors
QCOM,QCOM,,,information technology,Semiconductors
PWR,PWR,,,industrials,Construction & Engineering
QS,QS,,,consumer discretionary,
DGX,DGX,,,health care,Health Care Services
QXO,QXO,,,industrials,Unknown
RAL,RAL,,,information technology,Unknown
RL,RL,,,consumer discretionary,
RRC,RRC,,,energy,
RJF,RJF,,,financials,Investment Banking & Brokerage
RYN,RYN,,,real estate,
RBA,RBA,,,industrials,Unknown
RBC,RBC,,,industrials,Unknown
O,O,,,real estate,
RDDT,RDDT,,,communication services,
RRX,RRX,,,industrials,Electrical Components & Equipment
REG,REG,,,real estate,
REGN,REGN,,,health care,Biotechnology
RF,RF,,,financials,Regional Banks
RGA,RGA,,,financials,Reinsurance
RS,RS,,,materials,
RNR,RNR,,,financials,Reinsurance
RGEN,RGEN,,,health care,Biotechnology
RSG,RSG,,,industrials,Environmental & Facilities Services
RMD,RMD,,,health care,Health Care Equipment
QSR,QSR,,,consumer discretionary,
RVMD,RVMD,,,health care,Unknown
RVTY,RVTY,,,health care,Health Care Equipment
REXR,REXR,,,real estate,
REYN,REYN,,,consumer staples,
RH,RH,,,consumer discretionary,
RNG,RNG,,,information technology,Unknown
RITM,RITM,,,financials,Unknown
RIVN,RIVN,,,consumer discretionary,
RLI,RLI,,,financials,Unknown
RHI,RHI,,,industrials,Human Resource & Employment Services
HOOD,HOOD,,,financials,Unknown
RBLX,RBLX,,,communication services,
RKT,RKT,,,financials,Unknown
RKLB,RKLB,,,industrials,Aerospace & Defense
ROK,ROK,,,industrials,Electrical Components & Equipment
ROIV,ROIV,,,health care,Unknown
ROKU,ROKU,,,communication services,
ROL,ROL,,,industrials,Environmental & Facilities Services
ROP,ROP,,,industrials,Industrial Conglomerates
ROST,ROST,,,consumer discretionary,
RCL,RCL,,,consumer discretionary,
RGLD,RGLD,,,materials,
RPRX,RPRX,,,health care,Unknown
RPM,RPM,,,materials,
RTX,RTX,,,industrials,Aerospace & Defense
RBRK,RBRK,,,information technology,Unknown
RYAN,RYAN,,,financials,Unknown
R,R,,,industrials,Cargo Ground Transportation
SPGI,SPGI,,,financials,Financial Exchanges & Data
SAIA,SAIA,,,industrials,Unknown
SAIL,SAIL,,,information technology,Application Software
SAIC,SAIC,,,industrials,Diversified Support Services
CRM,CRM,,,information technology,Application Software
SLM,SLM,,,financials,Consumer Finance
IOT,IOT,,,information technology,Systems Software
SNDK,SNDK,,,information technology,"Technology Hardware, Storage & Peripherals"
SRPT,SRPT,,,health care,Unknown
SBAC,SBAC,,,real estate,
HSIC,HSIC,,,health care,Health Care Distributors
SLB,SLB,,,energy,
SNDR,SNDR,,,industrials,Unknown
SMG,SMG,,,materials,
SEB,SEB,,,consumer staples,
SEE,SEE,,,materials,
SEIC,SEIC,,,financials,Asset Management & Custody Banks
SRE,SRE,,,utilities,
ST,ST,,,industrials,Unknown
S,S,,,information technology,Unknown
SCI,SCI,,,consumer discretionary,
NOW,NOW,,,information technology,Systems Software
SN,SN,,,consumer discretionary,
SHW,SHW,,,materials,
FOUR,FOUR,,,information technology,Unknown
SLGN,SLGN,,,materials,
SPG,SPG,,,real estate,
SSD,SSD,,,industrials,Building Products
SIRI,SIRI,,,communication services,
SITE,SITE,,,industrials,Unknown
SKX,SKX,,,consumer discretionary,
SWKS,SWKS,,,information technology,Semiconductors
SFD,SFD,,,consumer staples,
SJM,SJM,,,consumer staples,
SW,SW,,,materials,
SNA,SNA,,,industrials,Industrial Machinery & Supplies & Components
SNOW,SNOW,,,information technology,Unknown
SOFI,SOFI,,,financials,Unknown
SOLV,SOLV,,,health care,Health Care Equipment
SGI,SGI,,,consumer discretionary,
SON,SON,,,materials,
SHC,SHC,,,health care,Unknown
SO,SO,,,utilities,
SCCO,SCCO,,,materials,
SSB,SSB,,,financials,Regional Banks
LUV,LUV,,,industrials,Passenger Airlines
SPR,SPR,,,industrials,Unknown
SPOT,SPOT,,,communication services,
SFM,SFM,,,consumer staples,
SSNC,SSNC,,,information technology,Unknown
STAG,STAG,,,real estate,
SARO,SARO,,,industrials,Aerospace & Defense
SWK,SWK,,,industrials,Industrial Machinery & Supplies & Components
SBUX,SBUX,,,consumer discretionary,
STWD,STWD,,,financials,Unknown
STT,STT,,,financials,Asset Management & Custody Banks
STLD,STLD,,,materials,
STE,STE,,,health care,Health Care Equipment
SF,SF,,,financials,Investment Banking & Brokerage
SYK,SYK,,,health care,Health Care Equipment
SMMT,SMMT,,,health care,Unknown
SUI,SUI,,,real estate,
SMCI,SMCI,,,information technology,"Technology Hardware, Storage & Peripherals"
SYF,SYF,,,financials,Consumer Finance
SNPS,SNPS,,,information technology,Application Software
SNV,SNV,,,financials,Regional Banks
SYY,SYY,,,consumer staples,
TMUS,TMUS,,,communication services,
TTWO,TTWO,,,communication services,
TLN,TLN,,,utilities,
TPR,TPR,,,consumer discretionary,
TRGP,TRGP,,,energy,
TGT,TGT,,,consumer staples,
SNX,SNX,,,information technology,Technology Distributors
FTI,FTI,,,energy,
TDY,TDY,,,industrials,Aerospace & Defense
TFX,TFX,,,health care,Health Care Equipment
TEM,TEM,,,health care,Unknown
THC,THC,,,health care,Health Care Facilities
TDC,TDC,,,information technology,IT Consulting & Other Services
TER,TER,,,information technology,Semiconductor Materials & Equipment
TSLA,TSLA,,,consumer discretionary,
TTEK,TTEK,,,industrials,Environmental & Facilities Services
TXN,TXN,,,information technology,Semiconductors
TPL,TPL,,,energy,
TXRH,TXRH,,,consumer discretionary,
TXT,TXT,,,industrials,Aerospace & Defense
TMO,TMO,,,health care,Life Sciences Tools & Services
TFSL,TFSL,,,financials,Unknown
THO,THO,,,consumer discretionary,
TKR,TKR,,,industrials,Industrial Machinery & Supplies & Components
TJX,TJX,,,consumer discretionary,
TKO,TKO,,,communication services,
TOST,TOST,,,information technology,Transaction & Payment Processing Services
TOL,TOL,,,consumer discretionary,
BLD,BLD,,,consumer discretionary,
TTC,TTC,,,industrials,Agricultural & Farm Machinery
TPG,TPG,,,financials,Unknown
TSCO,TSCO,,,consumer discretionary,
TTD,TTD,,,communication services,
TW,TW,,,financials,Unknown
TT,TT,,,industrials,Building Products
TDG,TDG,,,industrials,Aerospace & Defense
TRU,TRU,,,industrials,Unknown
TNL,TNL,,,consumer discretionary,
TRV,TRV,,,financials,Property & Casualty Insurance
TREX,TREX,,,industrials,Building Products
TRMB,TRMB,,,information technology,Electronic Equipment & Instruments
TFC,TFC,,,financials,Regional Banks
DJT,DJT,,,communication services,
TWLO,TWLO,,,information technology,Unknown
TYL,TYL,,,information technology,Application Software
TSN,TSN,,,consumer staples,
UHAL,UHAL,,,industrials,Unknown
UHAL-B,UHAL.B,,,industrials,Unknown
USB,USB,,,financials,Diversified Banks
UBER,UBER,,,industrials,Passenger Ground Transportation
UI,UI,,,information technology,Unknown
UDR,UDR,,,real estate,
UGI,UGI,,,utilities,
PATH,PATH,,,information technology,Unknown
ULTA,ULTA,,,consumer discretionary,
RARE,RARE,,,health care,Unknown
UAA,UAA,,,consumer discretionary,
UA,UA,,,consumer discretionary,
UNP,UNP,,,industrials,Rail Transportation
UAL,UAL,,,industrials,Passenger Airlines
UPS,UPS,,,industrials,Air Freight & Logistics
URI,URI,,,industrials,Trading Companies & Distributors
UTHR,UTHR,,,health care,Biotechnology
UWMC,UWMC,,,financials,Unknown
UNH,UNH,,,health care,Managed Health Care
U,U,,,information technology,Unknown
OLED,OLED,,,information technology,Semiconductors
UHS,UHS,,,health care,Health Care Facilities
UNM,UNM,,,financials,Life & Health Insurance
USFD,USFD,,,consumer staples,
MTN,MTN,,,consumer discretionary,
VLO,VLO,,,energy,
VMI,VMI,,,industrials,Industrial Machinery & Supplies & Components
VVV,VVV,,,materials,
VEEV,VEEV,,,health care,Unknown
VTR,VTR,,,real estate,
VLTO,VLTO,,,industrials,Unknown
VRSN,VRSN,,,information technology,Internet Services & Infrastructure
VRSK,VRSK,,,industrials,Research & Consulting Services
VZ,VZ,,,communication services,
VRTX,VRTX,,,health care,Biotechnology
VRT,VRT,,,industrials,Unknown
VFC,VFC,,,consumer discretionary,
VTRS,VTRS,,,health care,Pharmaceuticals
VICI,VICI,,,real estate,
VIK,VIK,,,consumer discretionary,
VKTX,VKTX,,,health care,Biotechnology
VNOM,VNOM,,,energy,
VIRT,VIRT,,,financials,Unknown
V,V,,,financials,Transaction & Payment Processing Services
VST,VST,,,utilities,
VNT,VNT,,,information technology,Electronic Equipment & Instruments
VNO,VNO,,,real estate,
VOYA,VOYA,,,financials,Multi-Sector Holdings
VMC,VMC,,,materials,
WPC,WPC,,,real estate,
WRB,WRB,,,financials,Property & Casualty Insurance
GWW,GWW,,,industrials,Industrial Machinery & Supplies & Components
WAB,WAB,,,industrials,Construction Machinery & Heavy Transportation Equipment
WBA,WBA,,,consumer staples,
WMT,WMT,,,consumer staples,
DIS,DIS,,,communication services,
WBD,WBD,,,communication services,
WM,WM,,,industrials,Environmental & Facilities Services
WAT,WAT,,,health care,Health Care Distributors
WSO,WSO,,,industrials,Trading Companies & Distributors
W,W,,,consumer discretionary,
WFRD,WFRD,,,energy,
WBS,WBS,,,financials,Regional Banks
WEC,WEC,,,utilities,
WFC,WFC,,,financials,Diversified Banks
WELL,WELL,,,real estate,
WEN,WEN,,,consumer discretionary,
WCC,WCC,,,industrials,Unknown
WST,WST,,,health care,Health Care Supplies
WAL,WAL,,,financials,Unknown
WDC,WDC,,,information technology,"Technology Hardware, Storage & Peripherals"
WU,WU,,,information technology,Data Processing & Outsourced Services
WLK,WLK,,,materials,
WEX,WEX,,,financials,Transaction & Payment Processing Services
WY,WY,,,real estate,
WHR,WHR,,,consumer discretionary,
WTM,WTM,,,financials,Unknown
WMB,WMB,,,energy,
WSM,WSM,,,consumer discretionary,
WTW,WTW,,,financials,Insurance Brokers
WSC,WSC,,,industrials,Unknown
WING,WING,,,consumer discretionary,
WTFC,WTFC,,,financials,Regional Banks
WWD,WWD,,,industrials,Electrical Components & Equipment
WDAY,WDAY,,,information technology,Application Software
WH,WH,,,consumer discretionary,
WYNN,WYNN,,,consumer discretionary,
XEL,XEL,,,utilities,
XP,XP,,,financials,Investment Banking & Brokerage
XPO,XPO,,,industrials,Cargo Ground Transportation
XYL,XYL,,,industrials,Industrial Machinery & Supplies & Components
YETI,YETI,,,consumer discretionary,
YUM,YUM,,,consumer discretionary,
ZBRA,ZBRA,,,information technology,Electronic Equipment & Instruments
ZG,ZG,,,real estate,
Z,Z,,,real estate,
ZBH,ZBH,,,health care,Health Care Equipment
ZION,ZION,,,financials,Regional Banks
ZTS,ZTS,,,health care,Pharmaceuticals
ZM,ZM,,,information technology,Application Software
GTM,GTM,,,communication services,
ZS,ZS,,,information technology,Application Software
ERIE,ERIE,,,financials,
NXPI,NXPI,,,information technology,
PSKY,PSKY,,,communication services,
STX,STX,,,information technology,
TEL,TEL,,,information technology,
ARM,ARM,,,information technology,
ASML,ASML,,,information technology,
AZN,AZN,,,health care,
CCEP,CCEP,,,consumer staples,
MELI,MELI,,,consumer discretionary,
PDD,PDD,,,consumer discretionary,
SHOP,SHOP,,,information technology,
TRI,TRI,,,industrials,
AACB,AACB,,,,
AACBR,AACBR,,,,
AACBU,AACBU,,,,
AACG,AACG,,,,
AACI,AACI,,,,
AACIU,AACIU,,,,
AACIW,AACIW,,,,
AAME,AAME,,,,
AAOI,AAOI,,,nan,
AAPG,AAPG,,,,
AARD,AARD,,,,
ABAT,ABAT,,,,
ABCL,ABCL,,,,
ABEO,ABEO,,,,
ABL,ABL,,,,
ABLLL,ABLLL,,,,
ABLV,ABLV,,,,
ABLVW,ABLVW,,,,
ABOS,ABOS,,,,
ABP,ABP,,,,
ABPWW,ABPWW,,,,
ABSI,ABSI,,,,
ABTC,ABTC,,,,
ABTS,ABTS,,,,
ABUS,ABUS,,,,
ABVC,ABVC,,,,
ABVE,ABVE,,,,
ABVEW,ABVEW,,,,
ABVX,ABVX,,,nan,
ACAD,ACAD,,,,
ACB,ACB,,,,
ACDC,ACDC,,,,
ACET,ACET,,,,
ACFN,ACFN,,,,
ACGLN,ACGLN,,,,
ACGLO,ACGLO,,,,
ACHV,ACHV,,,,
ACIC,ACIC,,,,
ACIU,ACIU,,,,
ACIW,ACIW,,,,
ACLS,ACLS,,,,
ACLX,ACLX,,,,
ACMR,ACMR,,,nan,
ACNB,ACNB,,,,
ACNT,ACNT,,,,
ACOG,ACOG,,,,
ACON,ACON,,,,
ACONW,ACONW,,,,
ACRS,ACRS,,,,
ACRV,ACRV,,,,
ACT,ACT,,,,
ACTG,ACTG,,,,
ACTU,ACTU,,,,
ACXP,ACXP,,,,
ADAG,ADAG,,,,
ADAM,ADAM,,,,
ADAMG,ADAMG,,,,
ADAMH,ADAMH,,,,
ADAMI,ADAMI,,,,
ADAML,ADAML,,,,
ADAMM,ADAMM,,,,
ADAMN,ADAMN,,,,
ADAMZ,ADAMZ,,,,
ADAP,ADAP,,,,
ADEA,ADEA,,,,
ADGM,ADGM,,,,
ADIL,ADIL,,,,
ADMA,ADMA,,,nan,
ADN,ADN,,,,
ADNWW,ADNWW,,,,
ADPT,ADPT,,,,
ADSE,ADSE,,,,
ADSEW,ADSEW,,,,
ADTN,ADTN,,,,
ADTX,ADTX,,,,
ADUR,ADUR,,,,
ADUS,ADUS,,,,
ADV,ADV,,,,
ADVB,ADVB,,,,
ADVM,ADVM,,,,
ADVWW,ADVWW,,,,
ADXN,ADXN,,,,
AEBI,AEBI,,,,
AEHL,AEHL,,,,
AEHR,AEHR,,,nan,
AEI,AEI,,,,
AEIS,AEIS,,,,
AEMD,AEMD,,,,
AENT,AENT,,,,
AENTW,AENTW,,,,
AERT,AERT,,,,
AERTW,AERTW,,,,
AEVA,AEVA,,,,
AEVAW,AEVAW,,,,
AEYE,AEYE,,,,
AFBI,AFBI,,,,
AFCG,AFCG,,,,
AFJK,AFJK,,,,
AFJKR,AFJKR,,,,
AFJKU,AFJKU,,,,
AFRI,AFRI,,,,
AFRIW,AFRIW,,,,
AFYA,AFYA,,,,
AGAE,AGAE,,,,
AGEN,AGEN,,,,
AGH,AGH,,,,
AGIO,AGIO,,,,
AGMH,AGMH,,,,
AGNCL,AGNCL,,,,
AGNCM,AGNCM,,,,
AGNCN,AGNCN,,,,
AGNCO,AGNCO,,,,
AGNCP,AGNCP,,,,
AGRI,AGRI,,,,
AGYS,AGYS,,,,
AHCO,AHCO,,,,
AHG,AHG,,,,
AIFF,AIFF,,,,
AIFU,AIFU,,,,
AIHS,AIHS,,,nan,
AIIO,AIIO,,,,
AIIOW,AIIOW,,,,
AIMD,AIMD,,,,
AIMDW,AIMDW,,,,
AIOT,AIOT,,,,
AIP,AIP,,,,
AIRE,AIRE,,,,
AIRG,AIRG,,,,
AIRJ,AIRJ,,,,
AIRJW,AIRJW,,,,
AIRO,AIRO,,,,
AIRS,AIRS,,,,
AIRT,AIRT,,,,
AIRTP,AIRTP,,,,
AISP,AISP,,,,
AISPW,AISPW,,,,
AIXI,AIXI,,,,
AKAN,AKAN,,,,
AKBA,AKBA,,,,
AKRO,AKRO,,,,
AKTX,AKTX,,,,
ALAR,ALAR,,,,
ALBT,ALBT,,,,
ALCO,ALCO,,,,
ALCY,ALCY,,,,
ALCYU,ALCYU,,,,
ALCYW,ALCYW,,,,
ALDF,ALDF,,,,
ALDFU,ALDFU,,,,
ALDFW,ALDFW,,,,
ALDX,ALDX,,,,
ALEC,ALEC,,,,
ALF,ALF,,,,
ALFUU,ALFUU,,,,
ALFUW,ALFUW,,,,
ALGS,ALGS,,,,
ALGT,ALGT,,,,
ALHC,ALHC,,,,
ALKS,ALKS,,,,
ALKT,ALKT,,,,
ALLO,ALLO,,,,
ALLR,ALLR,,,nan,
ALLT,ALLT,,,,
ALM,ALM,,,,
ALMS,ALMS,,,,
ALMU,ALMU,,,,
ALNT,ALNT,,,,
ALOT,ALOT,,,,
ALRM,ALRM,,,,
ALRS,ALRS,,,,
ALT,ALT,,,,
ALTI,ALTI,,,,
ALTO,ALTO,,,,
ALTS,ALTS,,,,
ALVO,ALVO,,,,
ALVOW,ALVOW,,,,
ALXO,ALXO,,,,
ALZN,ALZN,,,,
AMAL,AMAL,,,,
AMBA,AMBA,,,,
AMBR,AMBR,,,,
AMCX,AMCX,,,,
AMIX,AMIX,,,,
AMLX,AMLX,,,,
AMOD,AMOD,,,,
AMODW,AMODW,,,,
AMPG,AMPG,,,,
AMPGW,AMPGW,,,,
AMPH,AMPH,,,,
AMPL,AMPL,,,,
AMRK,AMRK,,,,
AMRN,AMRN,,,,
AMRX,AMRX,,,,
AMSC,AMSC,,,,
AMSF,AMSF,,,,
AMST,AMST,,,,
AMTX,AMTX,,,,
AMWD,AMWD,,,,
ANAB,ANAB,,,,
ANDE,ANDE,,,,
ANEB,ANEB,,,,
ANGH,ANGH,,,,
ANGHW,ANGHW,,,,
ANGI,ANGI,,,,
ANGO,ANGO,,,,
ANIK,ANIK,,,,
ANIP,ANIP,,,,
ANIX,ANIX,,,,
ANL,ANL,,,,
ANNA,ANNA,,,,
ANNAW,ANNAW,,,,
ANNX,ANNX,,,,
ANPA,ANPA,,,,
ANSC,ANSC,,,,
ANSCU,ANSCU,,,,
ANSCW,ANSCW,,,,
ANTA,ANTA,,,,
ANTE,ANTE,,,,
ANTX,ANTX,,,,
ANY,ANY,,,,
AOSL,AOSL,,,,
AOUT,AOUT,,,,
APAD,APAD,,,,
APADR,APADR,,,,
APADU,APADU,,,,
APDN,APDN,,,,
APEI,APEI,,,,
APGE,APGE,,,,
API,API,,,,
APLD,APLD,,,nan,
APLM,APLM,,,,
APLMW,APLMW,,,,
APLT,APLT,,,,
APM,APM,,,,
APOG,APOG,,,,
APPN,APPN,,,,
APPS,APPS,,,,
APRE,APRE,,,,
APVO,APVO,,,,
APWC,APWC,,,,
APYX,APYX,,,,
AQB,AQB,,,,
AQMS,AQMS,,,,
AQST,AQST,,,,
ARAI,ARAI,,,,
ARAY,ARAY,,,,
ARBB,ARBB,,,,
ARBE,ARBE,,,,
ARBEW,ARBEW,,,,
ARBK,ARBK,,,,
ARBKL,ARBKL,,,,
ARCB,ARCB,,,,
ARCC,ARCC,,,nan,
ARCT,ARCT,,,,
ARDX,ARDX,,,,
AREB,AREB,,,,
AREBW,AREBW,,,,
AREC,AREC,,,,
ARGX,ARGX,,,nan,
ARHS,ARHS,,,,
ARKO,ARKO,,,,
ARKOW,ARKOW,,,,
ARKR,ARKR,,,,
ARLP,ARLP,,,,
AROW,AROW,,,,
ARQ,ARQ,,,,
ARQQ,ARQQ,,,,
ARQQW,ARQQW,,,,
ARQT,ARQT,,,,
ARRY,ARRY,,,nan,
ARTL,ARTL,,,,
ARTNA,ARTNA,,,,
ARTV,ARTV,,,,
ARTW,ARTW,,,,
ARVN,ARVN,,,,
ARWR,ARWR,,,nan,
ASBP,ASBP,,,,
ASBPW,ASBPW,,,,
ASLE,ASLE,,,,
ASMB,ASMB,,,,
ASND,ASND,,,nan,
ASNS,ASNS,,,,
ASO,ASO,,,,
ASPC,ASPC,,,,
ASPCR,ASPCR,,,,
ASPCU,ASPCU,,,,
ASPI,ASPI,,,,
ASPS,ASPS,,,,
ASPSW,ASPSW,,,,
ASPSZ,ASPSZ,,,,
ASRT,ASRT,,,,
ASRV,ASRV,,,,
ASST,ASST,,,,
ASTC,ASTC,,,,
ASTE,ASTE,,,,
ASTH,ASTH,,,,
ASTI,ASTI,,,,
ASTL,ASTL,,,,
ASTLW,ASTLW,,,,
ASUR,ASUR,,,,
ASYS,ASYS,,,,
ATAI,ATAI,,,,
ATAT,ATAT,,,,
ATEC,ATEC,,,,
ATER,ATER,,,,
ATEX,ATEX,,,,
ATGL,ATGL,,,,
ATHA,ATHA,,,,
ATHE,ATHE,,,,
ATHR,ATHR,,,,
ATII,ATII,,,,
ATIIU,ATIIU,,,,
ATIIW,ATIIW,,,,
ATLC,ATLC,,,,
ATLCL,ATLCL,,,,
ATLCP,ATLCP,,,,
ATLCZ,ATLCZ,,,,
ATLN,ATLN,,,,
ATLO,ATLO,,,,
ATLX,ATLX,,,,
ATMC,ATMC,,,,
ATMCR,ATMCR,,,,
ATMCU,ATMCU,,,,
ATMCW,ATMCW,,,,
ATMV,ATMV,,,,
ATMVR,ATMVR,,,,
ATMVU,ATMVU,,,,
ATNI,ATNI,,,,
ATOM,ATOM,,,,
ATON,ATON,,,,
ATOS,ATOS,,,,
ATPC,ATPC,,,,
ATRA,ATRA,,,,
ATRC,ATRC,,,,
ATRO,ATRO,,,,
ATXG,ATXG,,,,
ATXS,ATXS,,,,
ATYR,ATYR,,,,
AUBN,AUBN,,,,
AUDC,AUDC,,,,
AUGO,AUGO,,,,
AUID,AUID,,,,
AUPH,AUPH,,,,
AURA,AURA,,,,
AUROW,AUROW,,,,
AUTL,AUTL,,,,
AUUD,AUUD,,,,
AUUDW,AUUDW,,,,
AVAH,AVAH,,,,
AVAV,AVAV,,,,
AVBH,AVBH,,,,
AVBP,AVBP,,,,
AVDL,AVDL,,,,
AVDX,AVDX,,,,
AVIR,AVIR,,,,
AVNW,AVNW,,,,
AVO,AVO,,,,
AVPT,AVPT,,,,
AVR,AVR,,,,
AVTX,AVTX,,,,
AVXL,AVXL,,,,
AWRE,AWRE,,,,
AXGN,AXGN,,,,
AXIN,AXIN,,,,
AXINR,AXINR,,,,
AXINU,AXINU,,,,
AXSM,AXSM,,,nan,
AXTI,AXTI,,,,
AYTU,AYTU,,,,
AZ,AZ,,,,
AZI,AZI,,,,
AZTA,AZTA,,,,
BACC,BACC,,,,
BACCR,BACCR,,,,
BACCU,BACCU,,,,
BACQ,BACQ,,,,
BACQR,BACQR,,,,
BACQU,BACQU,,,,
BAER,BAER,,,,
BAERW,BAERW,,,,
BAFN,BAFN,,,,
BAND,BAND,,,,
BANF,BANF,,,,
BANFP,BANFP,,,,
BANL,BANL,,,,
BANR,BANR,,,,
BANX,BANX,,,,
BAOS,BAOS,,,,
BASE,BASE,,,,
BATRA,BATRA,,,,
BATRK,BATRK,,,,
BAYA,BAYA,,,,
BAYAR,BAYAR,,,,
BAYAU,BAYAU,,,,
BBCP,BBCP,,,,
BBGI,BBGI,,,,
BBIO,BBIO,,,,
BBLG,BBLG,,,,
BBLGW,BBLGW,,,,
BBNX,BBNX,,,,
BBOT,BBOT,,,,
BBSI,BBSI,,,,
BCAB,BCAB,,,,
BCAL,BCAL,,,,
BCAR,BCAR,,,,
BCARU,BCARU,,,,
BCARW,BCARW,,,,
BCAX,BCAX,,,,
BCBP,BCBP,,,,
BCDA,BCDA,,,,
BCG,BCG,,,,
BCGWW,BCGWW,,,,
BCIC,BCIC,,,,
BCML,BCML,,,,
BCPC,BCPC,,,,
BCRX,BCRX,,,,
BCTX,BCTX,,,,
BCTXW,BCTXW,,,,
BCTXZ,BCTXZ,,,,
BCYC,BCYC,,,,
BDMD,BDMD,,,,
BDMDW,BDMDW,,,,
BDRX,BDRX,,,,
BDSX,BDSX,,,,
BDTX,BDTX,,,,
BEAG,BEAG,,,,
BEAGR,BEAGR,,,,
BEAGU,BEAGU,,,,
BEAM,BEAM,,,,
BEAT,BEAT,,,,
BEATW,BEATW,,,,
BEEM,BEEM,,,,
BEEP,BEEP,,,,
BELFA,BELFA,,,,
BELFB,BELFB,,,,
BENF,BENF,,,,
BENFW,BENFW,,,,
BETR,BETR,,,,
BETRW,BETRW,,,,
BFC,BFC,,,,
BFIN,BFIN,,,,
BFRG,BFRG,,,,
BFRGW,BFRGW,,,,
BFRI,BFRI,,,,
BFRIW,BFRIW,,,,
BFST,BFST,,,,
BGC,BGC,,,,
BGFV,BGFV,,,,
BGL,BGL,,,,
BGLC,BGLC,,,,
BGLWW,BGLWW,,,,
BGM,BGM,,,,
BHAT,BHAT,,,,
BHFAL,BHFAL,,,,
BHFAM,BHFAM,,,,
BHFAN,BHFAN,,,,
BHFAO,BHFAO,,,,
BHFAP,BHFAP,,,,
BHRB,BHRB,,,,
BHST,BHST,,,,
BIAF,BIAF,,,,
BIAFW,BIAFW,,,,
BIDU,BIDU,,,,
BILI,BILI,,,,
BINI,BINI,,,,
BIOA,BIOA,,,,
BIOX,BIOX,,,,
BIRD,BIRD,,,,
BITF,BITF,,,,
BIVI,BIVI,,,,
BIVIW,BIVIW,,,,
BIYA,BIYA,,,,
BJDX,BJDX,,,,
BJRI,BJRI,,,,
BKHA,BKHA,,,,
BKHAR,BKHAR,,,,
BKHAU,BKHAU,,,,
BKYI,BKYI,,,,
BL,BL,,,,
BLBD,BLBD,,,,
BLBX,BLBX,,,,
BLDP,BLDP,,,,
BLFS,BLFS,,,,
BLFY,BLFY,,,,
BLIN,BLIN,,,,
BLIV,BLIV,,,,
BLKB,BLKB,,,,
BLMN,BLMN,,,,
BLMZ,BLMZ,,,,
BLNE,BLNE,,,,
BLNK,BLNK,,,,
BLRX,BLRX,,,,
BLTE,BLTE,,,,
BLUW,BLUW,,,,
BLUWU,BLUWU,,,,
BLUWW,BLUWW,,,,
BLZE,BLZE,,,,
BMBL,BMBL,,,,
BMEA,BMEA,,,,
BMGL,BMGL,,,,
BMHL,BMHL,,,,
BMR,BMR,,,,
BMRA,BMRA,,,,
BMRC,BMRC,,,,
BNAI,BNAI,,,,
BNAIW,BNAIW,,,,
BNC,BNC,,,,
BNCWW,BNCWW,,,,
BNGO,BNGO,,,,
BNR,BNR,,,,
BNRG,BNRG,,,,
BNTC,BNTC,,,,
BNTX,BNTX,,,nan,
BNZI,BNZI,,,,
BNZIW,BNZIW,,,,
BODI,BODI,,,,
BOF,BOF,,,,
BOLD,BOLD,,,,
BOLT,BOLT,,,,
BON,BON,,,,
BOOM,BOOM,,,,
BOSC,BOSC,,,,
BOTJ,BOTJ,,,,
BOWN,BOWN,,,,
BOWNR,BOWNR,,,,
BOWNU,BOWNU,,,,
BOXL,BOXL,,,,
BPOPM,BPOPM,,,,
BPRN,BPRN,,,,
BPYPM,BPYPM,,,,
BPYPN,BPYPN,,,,
BPYPO,BPYPO,,,,
BPYPP,BPYPP,,,,
BRAG,BRAG,,,,
BREA,BREA,,,,
BRFH,BRFH,,,,
BRID,BRID,,,,
BRLS,BRLS,,,,
BRLSW,BRLSW,,,,
BRLT,BRLT,,,,
BRNS,BRNS,,,,
BRR,BRR,,,,
BRRWU,BRRWU,,,,
BRRWW,BRRWW,,,,
BRTX,BRTX,,,,
BRY,BRY,,,,
BRZE,BRZE,,,nan,
BSAA,BSAA,,,,
BSAAR,BSAAR,,,,
BSAAU,BSAAU,,,,
BSBK,BSBK,,,,
BSET,BSET,,,,
BSGM,BSGM,,,,
BSLK,BSLK,,,,
BSLKW,BSLKW,,,,
BSRR,BSRR,,,,
BSVN,BSVN,,,,
BTAI,BTAI,,,,
BTBD,BTBD,,,,
BTBDW,BTBDW,,,,
BTBT,BTBT,,,,
BTCS,BTCS,,,,
BTCT,BTCT,,,,
BTDR,BTDR,,,,
BTM,BTM,,,,
BTMD,BTMD,,,,
BTMWW,BTMWW,,,,
BTOC,BTOC,,,,
BTOG,BTOG,,,,
BTSG,BTSG,,,,
BTSGU,BTSGU,,,,
BULL,BULL,,,,
BULLW,BULLW,,,,
BUSE,BUSE,,,,
BUSEP,BUSEP,,,,
BUUU,BUUU,,,,
BVFL,BVFL,,,,
BVS,BVS,,,,
BWAY,BWAY,,,,
BWB,BWB,,,,
BWBBP,BWBBP,,,,
BWEN,BWEN,,,,
BWFG,BWFG,,,,
BWIN,BWIN,,,,
BWMN,BWMN,,,,
BYFC,BYFC,,,,
BYND,BYND,,,,
BYRN,BYRN,,,,
BYSI,BYSI,,,,
BZ,BZ,,,,
BZAI,BZAI,,,,
BZAIW,BZAIW,,,,
BZFD,BZFD,,,,
BZFDW,BZFDW,,,,
BZUN,BZUN,,,,
CAAS,CAAS,,,,
CABA,CABA,,,,
CAC,CAC,,,,
CADL,CADL,,,,
CAEP,CAEP,,,,
CAI,CAI,,,,
CAKE,CAKE,,,,
CALC,CALC,,,,
CALM,CALM,,,,
CAMP,CAMP,,,,
CAMT,CAMT,,,,
CAN,CAN,,,,
CAPN,CAPN,,,,
CAPNR,CAPNR,,,,
CAPNU,CAPNU,,,,
CAPR,CAPR,,,,
CAPS,CAPS,,,,
CAPT,CAPT,,,,
CAPTW,CAPTW,,,,
CARE,CARE,,,,
CARG,CARG,,,,
CARL,CARL,,,,
CARM,CARM,,,,
CARV,CARV,,,,
CASH,CASH,,,,
CASI,CASI,,,,
CASK,CASK,,,,
CASS,CASS,,,,
CATY,CATY,,,,
CBAT,CBAT,,,,
CBFV,CBFV,,,,
CBIO,CBIO,,,,
CBLL,CBLL,,,,
CBNK,CBNK,,,,
CBRL,CBRL,,,,
CBUS,CBUS,,,,
CCAP,CCAP,,,,
CCB,CCB,,,,
CCBG,CCBG,,,,
CCCC,CCCC,,,,
CCCX,CCCX,,,,
CCCXU,CCCXU,,,,
CCCXW,CCCXW,,,,
CCD,CCD,,,,
CCEC,CCEC,,,,
CCG,CCG,,,,
CCGWW,CCGWW,,,,
CCII,CCII,,,,
CCIIU,CCIIU,,,,
CCIIW,CCIIW,,,,
CCIX,CCIX,,,,
CCIXU,CCIXU,,,,
CCIXW,CCIXW,,,,
CCLD,CCLD,,,,
CCLDO,CCLDO,,,,
CCNE,CCNE,,,,
CCNEP,CCNEP,,,,
CCOI,CCOI,,,,
CCRN,CCRN,,,,
CCSI,CCSI,,,,
CCTG,CCTG,,,,
CDIO,CDIO,,,,
CDIOW,CDIOW,,,,
CDLX,CDLX,,,,
CDNA,CDNA,,,,
CDRO,CDRO,,,,
CDROW,CDROW,,,,
CDT,CDT,,,,
CDTG,CDTG,,,,
CDTTW,CDTTW,,,,
CDTX,CDTX,,,,
CDXS,CDXS,,,,
CDZI,CDZI,,,,
CDZIP,CDZIP,,,,
CECO,CECO,,,,
CELC,CELC,,,,
CELU,CELU,,,,
CELUW,CELUW,,,,
CELZ,CELZ,,,,
CENN,CENN,,,,
CENT,CENT,,,,
CENTA,CENTA,,,,
CENX,CENX,,,,
CEP,CEP,,,,
CEPF,CEPF,,,,
CEPO,CEPO,,,,
CEPT,CEPT,,,,
CERO,CERO,,,,
CEROW,CEROW,,,,
CERS,CERS,,,,
CETX,CETX,,,,
CETY,CETY,,,,
CEVA,CEVA,,,,
CFBK,CFBK,,,,
CFFI,CFFI,,,,
CFFN,CFFN,,,,
CFSB,CFSB,,,,
CGABL,CGABL,,,,
CGBD,CGBD,,,,
CGBDL,CGBDL,,,,
CGC,CGC,,,,
CGCT,CGCT,,,,
CGCTU,CGCTU,,,,
CGCTW,CGCTW,,,,
CGEM,CGEM,,,,
CGEN,CGEN,,,,
CGNT,CGNT,,,,
CGO,CGO,,,,
CGON,CGON,,,,
CGTL,CGTL,,,,
CGTX,CGTX,,,,
CHA,CHA,,,,
CHAC,CHAC,,,,
CHACR,CHACR,,,,
CHACU,CHACU,,,,
CHAR,CHAR,,,,
CHARR,CHARR,,,,
CHARU,CHARU,,,,
CHCI,CHCI,,,,
CHCO,CHCO,,,,
CHEF,CHEF,,,,
CHEK,CHEK,,,,
CHI,CHI,,,,
CHKP,CHKP,,,,
CHMG,CHMG,,,,
CHNR,CHNR,,,,
CHPG,CHPG,,,,
CHPGR,CHPGR,,,,
CHPGU,CHPGU,,,,
CHR,CHR,,,,
CHRS,CHRS,,,,
CHSCL,CHSCL,,,,
CHSCM,CHSCM,,,,
CHSCN,CHSCN,,,,
CHSCO,CHSCO,,,,
CHSCP,CHSCP,,,,
CHSN,CHSN,,,,
CHW,CHW,,,,
CHY,CHY,,,,
CHYM,CHYM,,,nan,
CIFR,CIFR,,,nan,
CIFRW,CIFRW,,,,
CIGI,CIGI,,,,
CIGL,CIGL,,,,
CIIT,CIIT,,,,
CING,CING,,,,
CINGW,CINGW,,,,
CISO,CISO,,,,
CISS,CISS,,,,
CIVB,CIVB,,,,
CJET,CJET,,,,
CJMB,CJMB,,,,
CLAR,CLAR,,,,
CLBK,CLBK,,,,
CLBT,CLBT,,,,
CLDX,CLDX,,,,
CLFD,CLFD,,,,
CLGN,CLGN,,,,
CLIK,CLIK,,,,
CLIR,CLIR,,,,
CLLS,CLLS,,,,
CLMB,CLMB,,,,
CLMT,CLMT,,,,
CLNE,CLNE,,,,
CLNN,CLNN,,,,
CLNNW,CLNNW,,,,
CLOV,CLOV,,,,
CLPS,CLPS,,,,
CLPT,CLPT,,,,
CLRB,CLRB,,,,
CLRO,CLRO,,,,
CLSD,CLSD,,,,
CLSK,CLSK,,,,
CLSKW,CLSKW,,,,
CLST,CLST,,,,
CLWT,CLWT,,,,
CLYM,CLYM,,,,
CMBM,CMBM,,,,
CMCO,CMCO,,,,
CMCT,CMCT,,,,
CMMB,CMMB,,,,
CMND,CMND,,,,
CMPO,CMPO,,,,
CMPOW,CMPOW,,,,
CMPR,CMPR,,,,
CMPS,CMPS,,,,
CMPX,CMPX,,,,
CMRC,CMRC,,,,
CMTL,CMTL,,,,
CNCK,CNCK,,,,
CNCKW,CNCKW,,,,
CNDT,CNDT,,,,
CNET,CNET,,,,
CNEY,CNEY,,,,
CNFR,CNFR,,,,
CNFRZ,CNFRZ,,,,
CNOB,CNOB,,,,
CNOBP,CNOBP,,,,
CNSP,CNSP,,,,
CNTA,CNTA,,,,
CNTB,CNTB,,,,
CNTX,CNTX,,,,
CNTY,CNTY,,,,
CNVS,CNVS,,,,
CNXN,CNXN,,,,
COCH,COCH,,,,
COCHW,COCHW,,,,
COCO,COCO,,,,
COCP,COCP,,,,
CODA,CODA,,,,
CODX,CODX,,,,
COEP,COEP,,,,
COEPW,COEPW,,,,
COFS,COFS,,,,
COGT,COGT,,,,
COHU,COHU,,,,
COLA,COLA,,,,
COLAR,COLAR,,,,
COLAU,COLAU,,,,
COLL,COLL,,,,
COMM,COMM,,,nan,
COOT,COOT,,,,
COOTW,COOTW,,,,
CORZ,CORZ,,,,
CORZW,CORZW,,,,
CORZZ,CORZZ,,,,
COSM,COSM,,,,
COYA,COYA,,,,
CPBI,CPBI,,,,
CPHC,CPHC,,,,
CPIX,CPIX,,,,
CPOP,CPOP,,,,
CPRX,CPRX,,,,
CPSH,CPSH,,,,
CPSS,CPSS,,,,
CPZ,CPZ,,,,
CRAI,CRAI,,,,
CRAQ,CRAQ,,,,
CRAQR,CRAQR,,,,
CRAQU,CRAQU,,,,
CRBP,CRBP,,,,
CRBU,CRBU,,,,
CRCT,CRCT,,,,
CRDF,CRDF,,,,
CRDL,CRDL,,,,
CRDO,CRDO,,,nan,
CRE,CRE,,,,
CREG,CREG,,,,
CRESW,CRESW,,,,
CRESY,CRESY,,,,
CREV,CREV,,,,
CREVW,CREVW,,,,
CREX,CREX,,,,
CRGO,CRGO,,,,
CRGOW,CRGOW,,,,
CRIS,CRIS,,,,
CRMD,CRMD,,,nan,
CRML,CRML,,,,
CRMLW,CRMLW,,,,
CRMT,CRMT,,,,
CRNC,CRNC,,,,
CRNT,CRNT,,,,
CRNX,CRNX,,,,
CRON,CRON,,,,
CRSP,CRSP,,,nan,
CRSR,CRSR,,,,
CRTO,CRTO,,,,
CRVL,CRVL,,,,
CRVO,CRVO,,,,
CRVS,CRVS,,,,
CRWS,CRWS,,,,
CRWV,CRWV,,,nan,
CSAI,CSAI,,,,
CSBR,CSBR,,,,
CSGS,CSGS,,,,
CSIQ,CSIQ,,,,
CSPI,CSPI,,,,
CSQ,CSQ,,,,
CSTE,CSTE,,,,
CSTL,CSTL,,,,
CSWC,CSWC,,,,
CSWCZ,CSWCZ,,,,
CTBI,CTBI,,,,
CTKB,CTKB,,,,
CTLP,CTLP,,,,
CTMX,CTMX,,,,
CTNM,CTNM,,,,
CTNT,CTNT,,,,
CTOR,CTOR,,,,
CTRM,CTRM,,,,
CTRN,CTRN,,,,
CTSO,CTSO,,,,
CTW,CTW,,,,
CTXR,CTXR,,,,
CUB,CUB,,,,
CUBWU,CUBWU,,,,
CUBWW,CUBWW,,,,
CUE,CUE,,,,
CUPR,CUPR,,,,
CURI,CURI,,,,
CURIW,CURIW,,,,
CURR,CURR,,,,
CURX,CURX,,,,
CV,CV,,,,
CVAC,CVAC,,,,
CVBF,CVBF,,,,
CVCO,CVCO,,,,
CVGI,CVGI,,,,
CVGW,CVGW,,,,
CVKD,CVKD,,,,
CVLT,CVLT,,,,
CVRX,CVRX,,,,
CVV,CVV,,,,
CWBC,CWBC,,,,
CWCO,CWCO,,,,
CWD,CWD,,,nan,
CWST,CWST,,,,
CXAI,CXAI,,,,
CXAIW,CXAIW,,,,
CXDO,CXDO,,,,
CYBR,CYBR,,,nan,
CYCC,CYCC,,,,
CYCCP,CYCCP,,,,
CYCN,CYCN,,,,
CYCU,CYCU,,,,
CYCUW,CYCUW,,,,
CYN,CYN,,,,
CYRX,CYRX,,,,
CYTK,CYTK,,,,
CZFS,CZFS,,,,
CZNC,CZNC,,,,
CZWI,CZWI,,,,
DAAQ,DAAQ,,,,
DAAQU,DAAQU,,,,
DAAQW,DAAQW,,,,
DAIC,DAIC,,,,
DAICW,DAICW,,,,
DAIO,DAIO,,,,
DAKT,DAKT,,,,
DALN,DALN,,,,
DARE,DARE,,,,
DAVE,DAVE,,,nan,
DAVEW,DAVEW,,,,
DAWN,DAWN,,,,
DBGI,DBGI,,,,
DBVT,DBVT,,,,
DCBO,DCBO,,,,
DCGO,DCGO,,,,
DCOM,DCOM,,,,
DCOMG,DCOMG,,,,
DCOMP,DCOMP,,,,
DCTH,DCTH,,,,
DDI,DDI,,,,
DEFT,DEFT,,,,
DENN,DENN,,,,
DERM,DERM,,,,
DEVS,DEVS,,,,
DFDV,DFDV,,,nan,
DFLI,DFLI,,,,
DFLIW,DFLIW,,,,
DFSC,DFSC,,,,
DFSCW,DFSCW,,,,
DGICA,DGICA,,,,
DGICB,DGICB,,,,
DGII,DGII,,,,
DGLY,DGLY,,,,
DGNX,DGNX,,,,
DGXX,DGXX,,,,
DH,DH,,,,
DHAI,DHAI,,,,
DHAIW,DHAIW,,,,
DHC,DHC,,,,
DHCNI,DHCNI,,,,
DHCNL,DHCNL,,,,
DHIL,DHIL,,,,
DIBS,DIBS,,,,
DIOD,DIOD,,,,
DJCO,DJCO,,,,
DJTWW,DJTWW,,,,
DKI,DKI,,,,
DLHC,DLHC,,,,
DLO,DLO,,,,
DLPN,DLPN,,,,
DLTH,DLTH,,,,
DLXY,DLXY,,,,
DMAA,DMAA,,,,
DMAAR,DMAAR,,,,
DMAAU,DMAAU,,,,
DMAC,DMAC,,,,
DMLP,DMLP,,,,
DMRC,DMRC,,,,
DNLI,DNLI,,,,
DNTH,DNTH,,,,
DNUT,DNUT,,,,
DOGZ,DOGZ,,,,
DOMH,DOMH,,,,
DOMO,DOMO,,,,
DOOO,DOOO,,,,
DORM,DORM,,,,
DOYU,DOYU,,,,
DPRO,DPRO,,,,
DRCT,DRCT,,,,
DRDB,DRDB,,,,
DRDBU,DRDBU,,,,
DRDBW,DRDBW,,,,
DRIO,DRIO,,,,
DRMA,DRMA,,,,
DRMAW,DRMAW,,,,
DRRX,DRRX,,,,
DRTS,DRTS,,,,
DRTSW,DRTSW,,,,
DRUG,DRUG,,,,
DRVN,DRVN,,,,
DSGN,DSGN,,,,
DSGR,DSGR,,,,
DSGX,DSGX,,,nan,
DSP,DSP,,,,
DSWL,DSWL,,,,
DSY,DSY,,,,
DSYWW,DSYWW,,,,
DTCK,DTCK,,,,
DTI,DTI,,,,
DTIL,DTIL,,,,
DTSQ,DTSQ,,,,
DTSQR,DTSQR,,,,
DTSQU,DTSQU,,,,
DTSS,DTSS,,,,
DTST,DTST,,,,
DTSTW,DTSTW,,,,
DUO,DUO,,,,
DUOT,DUOT,,,,
DVAX,DVAX,,,,
DVLT,DVLT,,,,
DWSN,DWSN,,,,
DWTX,DWTX,,,,
DXLG,DXLG,,,,
DXPE,DXPE,,,,
DXR,DXR,,,,
DXST,DXST,,,,
DYAI,DYAI,,,,
DYCQ,DYCQ,,,,
DYCQR,DYCQR,,,,
DYCQU,DYCQU,,,,
DYN,DYN,,,,
EBC,EBC,,,,
EBMT,EBMT,,,,
EBON,EBON,,,,
ECBK,ECBK,,,,
ECDA,ECDA,,,,
ECDAW,ECDAW,,,,
ECOR,ECOR,,,,
ECPG,ECPG,,,,
ECX,ECX,,,,
ECXWW,ECXWW,,,,
EDAP,EDAP,,,,
EDBL,EDBL,,,,
EDBLW,EDBLW,,,,
EDHL,EDHL,,,,
EDIT,EDIT,,,,
EDRY,EDRY,,,,
EDSA,EDSA,,,,
EDTK,EDTK,,,,
EDUC,EDUC,,,,
EEIQ,EEIQ,,,,
EFOI,EFOI,,,,
EFSC,EFSC,,,,
EFSCP,EFSCP,,,,
EFSI,EFSI,,,,
EFTY,EFTY,,,,
EGAN,EGAN,,,,
EGBN,EGBN,,,,
EGHA,EGHA,,,,
EGHAR,EGHAR,,,,
EGHAU,EGHAU,,,,
EGHT,EGHT,,,,
EH,EH,,,,
EHGO,EHGO,,,,
EHLD,EHLD,,,,
EHTH,EHTH,,,,
EJH,EJH,,,,
EKSO,EKSO,,,,
ELAB,ELAB,,,,
ELBM,ELBM,,,,
ELDN,ELDN,,,,
ELOG,ELOG,,,,
ELPW,ELPW,,,,
ELSE,ELSE,,,,
ELTK,ELTK,,,,
ELTX,ELTX,,,,
ELUT,ELUT,,,,
ELVA,ELVA,,,,
ELVN,ELVN,,,,
ELVR,ELVR,,,,
ELWS,ELWS,,,,
EM,EM,,,,
EMBC,EMBC,,,,
EML,EML,,,,
EMPD,EMPD,,,,
EMPG,EMPG,,,,
ENGN,ENGN,,,,
ENGNW,ENGNW,,,,
ENGS,ENGS,,,,
ENLT,ENLT,,,,
ENLV,ENLV,,,,
ENSC,ENSC,,,,
ENSG,ENSG,,,nan,
ENTA,ENTA,,,,
ENTO,ENTO,,,,
ENTX,ENTX,,,,
ENVB,ENVB,,,,
ENVX,ENVX,,,nan,
EOLS,EOLS,,,,
EOSE,EOSE,,,nan,
EOSEW,EOSEW,,,,
EPIX,EPIX,,,,
EPOW,EPOW,,,,
EPRX,EPRX,,,,
EPSM,EPSM,,,,
EPSN,EPSN,,,,
EPWK,EPWK,,,,
EQ,EQ,,,,
ERAS,ERAS,,,,
ERIC,ERIC,,,nan,
ERII,ERII,,,,
ERNA,ERNA,,,,
ESCA,ESCA,,,,
ESEA,ESEA,,,,
ESGL,ESGL,,,,
ESGLW,ESGLW,,,,
ESHA,ESHA,,,,
ESHAR,ESHAR,,,,
ESLA,ESLA,,,,
ESLAW,ESLAW,,,,
ESLT,ESLT,,,nan,
ESOA,ESOA,,,,
ESPR,ESPR,,,,
ESQ,ESQ,,,,
ESTA,ESTA,,,,
ETHA,ETHA,,,,
ETHM,ETHM,,,,
ETHMU,ETHMU,,,,
ETHMW,ETHMW,,,,
ETHZ,ETHZ,,,nan,
ETHZW,ETHZW,,,,
ETNB,ETNB,,,,
ETON,ETON,,,,
ETOR,ETOR,,,,
ETS,ETS,,,,
EU,EU,,,,
EUDA,EUDA,,,,
EUDAW,EUDAW,,,,
EURK,EURK,,,,
EURKR,EURKR,,,,
EURKU,EURKU,,,,
EVAX,EVAX,,,,
EVCM,EVCM,,,,
EVER,EVER,,,,
EVGN,EVGN,,,,
EVGO,EVGO,,,,
EVGOW,EVGOW,,,,
EVLV,EVLV,,,,
EVLVW,EVLVW,,,,
EVO,EVO,,,,
EVOK,EVOK,,,,
EVTV,EVTV,,,,
EWCZ,EWCZ,,,,
EWTX,EWTX,,,,
EXEEL,EXEEL,,,,
EXEEW,EXEEW,,,,
EXEEZ,EXEEZ,,,,
EXFY,EXFY,,,,
EXOZ,EXOZ,,,,
EXPI,EXPI,,,,
EXPO,EXPO,,,,
EXTR,EXTR,,,,
EYE,EYE,,,,
EYPT,EYPT,,,,
EZGO,EZGO,,,,
EZPW,EZPW,,,,
FA,FA,,,,
FAAS,FAAS,,,,
FAASW,FAASW,,,,
FACT,FACT,,,,
FACTU,FACTU,,,,
FACTW,FACTW,,,,
FAMI,FAMI,,,,
FARM,FARM,,,,
FAT,FAT,,,,
FATBB,FATBB,,,,
FATBP,FATBP,,,,
FATE,FATE,,,,
FATN,FATN,,,,
FBGL,FBGL,,,,
FBIO,FBIO,,,,
FBIOP,FBIOP,,,,
FBIZ,FBIZ,,,,
FBLA,FBLA,,,,
FBLG,FBLG,,,,
FBNC,FBNC,,,,
FBRX,FBRX,,,,
FBYD,FBYD,,,,
FBYDW,FBYDW,,,,
FCAP,FCAP,,,,
FCBC,FCBC,,,,
FCCO,FCCO,,,,
FCEL,FCEL,,,,
FCFS,FCFS,,,,
FCHL,FCHL,,,,
FCNCO,FCNCO,,,,
FCNCP,FCNCP,,,,
FCUV,FCUV,,,,
FDBC,FDBC,,,,
FDMT,FDMT,,,,
FDSB,FDSB,,,,
FDUS,FDUS,,,,
FEAM,FEAM,,,,
FEBO,FEBO,,,,
FEIM,FEIM,,,,
FELE,FELE,,,,
FEMY,FEMY,,,,
FENC,FENC,,,,
FER,FER,,,,
FERA,FERA,,,,
FERAR,FERAR,,,,
FERAU,FERAU,,,,
FFAI,FFAI,,,,
FFAIW,FFAIW,,,,
FFBC,FFBC,,,,
FFIC,FFIC,,,,
FFIN,FFIN,,,,
FGBI,FGBI,,,,
FGBIP,FGBIP,,,,
FGEN,FGEN,,,,
FGI,FGI,,,,
FGIWW,FGIWW,,,,
FGL,FGL,,,,
FGMC,FGMC,,,,
FGMCR,FGMCR,,,,
FGMCU,FGMCU,,,,
FGNX,FGNX,,,,
FGNXP,FGNXP,,,,
FHTX,FHTX,,,,
FIBK,FIBK,,,,
FIEE,FIEE,,,,
FIGX,FIGX,,,,
FIGXU,FIGXU,,,,
FIGXW,FIGXW,,,,
FINW,FINW,,,,
FIP,FIP,,,,
FISI,FISI,,,,
FITBI,FITBI,,,,
FITBO,FITBO,,,,
FITBP,FITBP,,,,
FIVN,FIVN,,,,
FIZZ,FIZZ,,,,
FKWL,FKWL,,,,
FLD,FLD,,,,
FLDDW,FLDDW,,,,
FLGC,FLGC,,,,
FLGT,FLGT,,,,
FLL,FLL,,,,
FLNC,FLNC,,,,
FLNT,FLNT,,,,
FLUX,FLUX,,,,
FLWS,FLWS,,,,
FLX,FLX,,,,
FLXS,FLXS,,,,
FLY,FLY,,,,
FLYE,FLYE,,,,
FLYW,FLYW,,,,
FMAO,FMAO,,,,
FMBH,FMBH,,,,
FMFC,FMFC,,,,
FMNB,FMNB,,,,
FMST,FMST,,,,
FMSTW,FMSTW,,,,
FNGR,FNGR,,,,
FNKO,FNKO,,,,
FNLC,FNLC,,,,
FNWB,FNWB,,,,
FNWD,FNWD,,,,
FOLD,FOLD,,,,
FONR,FONR,,,,
FORA,FORA,,,,
FORD,FORD,,,,
FORL,FORL,,,,
FORLU,FORLU,,,,
FORLW,FORLW,,,,
FORM,FORM,,,,
FORR,FORR,,,,
FORTY,FORTY,,,,
FOSL,FOSL,,,,
FOSLL,FOSLL,,,,
FOXF,FOXF,,,,
FOXX,FOXX,,,,
FOXXW,FOXXW,,,,
FPAY,FPAY,,,,
FRAF,FRAF,,,,
FRBA,FRBA,,,,
FRD,FRD,,,,
FRGT,FRGT,,,,
FRME,FRME,,,,
FRMEP,FRMEP,,,,
FROG,FROG,,,nan,
FRPH,FRPH,,,,
FRSH,FRSH,,,,
FRST,FRST,,,,
FRSX,FRSX,,,,
FSBC,FSBC,,,,
FSBW,FSBW,,,,
FSEA,FSEA,,,,
FSFG,FSFG,,,,
FSHP,FSHP,,,,
FSHPR,FSHPR,,,,
FSHPU,FSHPU,,,,
FSTR,FSTR,,,,
FSUN,FSUN,,,,
FSV,FSV,,,,
FTAIM,FTAIM,,,,
FTAIN,FTAIN,,,,
FTCI,FTCI,,,,
FTDR,FTDR,,,,
FTEK,FTEK,,,,
FTEL,FTEL,,,,
FTFT,FTFT,,,,
FTHM,FTHM,,,,
FTLF,FTLF,,,,
FTRE,FTRE,,,,
FTRK,FTRK,,,,
FUFU,FUFU,,,,
FUFUW,FUFUW,,,,
FULC,FULC,,,,
FULT,FULT,,,,
FULTP,FULTP,,,,
FUNC,FUNC,,,,
FUND,FUND,,,,
FUSB,FUSB,,,,
FUTU,FUTU,,,nan,
FVCB,FVCB,,,,
FVN,FVN,,,,
FVNNR,FVNNR,,,,
FVNNU,FVNNU,,,,
FWRD,FWRD,,,,
FWRG,FWRG,,,,
FXNC,FXNC,,,,
GABC,GABC,,,,
GAIA,GAIA,,,,
GAIN,GAIN,,,,
GAINI,GAINI,,,,
GAINL,GAINL,,,,
GAINN,GAINN,,,,
GAINZ,GAINZ,,,,
GALT,GALT,,,,
GAMB,GAMB,,,,
GAME,GAME,,,,
GANX,GANX,,,,
GASS,GASS,,,,
GAUZ,GAUZ,,,,
GBDC,GBDC,,,,
GBFH,GBFH,,,,
GBIO,GBIO,,,,
GCBC,GCBC,,,,
GCL,GCL,,,,
GCLWW,GCLWW,,,,
GCMG,GCMG,,,,
GCMGW,GCMGW,,,,
GCT,GCT,,,,
GCTK,GCTK,,,,
GDC,GDC,,,,
GDEN,GDEN,,,,
GDEV,GDEV,,,,
GDEVW,GDEVW,,,,
GDHG,GDHG,,,,
GDRX,GDRX,,,,
GDS,GDS,,,nan,
GDTC,GDTC,,,,
GDYN,GDYN,,,,
GECC,GECC,,,,
GECCH,GECCH,,,,
GECCI,GECCI,,,,
GECCO,GECCO,,,,
GECCZ,GECCZ,,,,
GEG,GEG,,,,
GEGGL,GEGGL,,,,
GELS,GELS,,,,
GENK,GENK,,,,
GENVR,GENVR,,,,
GEOS,GEOS,,,,
GERN,GERN,,,,
GEVO,GEVO,,,,
GFAI,GFAI,,,,
GFAIW,GFAIW,,,,
GGAL,GGAL,,,,
GGR,GGR,,,,
GGROW,GGROW,,,,
GH,GH,,,,
GHRS,GHRS,,,,
GIBO,GIBO,,,,
GIBOW,GIBOW,,,,
GIFI,GIFI,,,,
GIFT,GIFT,,,,
GIG,GIG,,,,
GIGGU,GIGGU,,,,
GIGGW,GIGGW,,,,
GIGM,GIGM,,,,
GIII,GIII,,,,
GILT,GILT,,,,
GIPR,GIPR,,,,
GIPRW,GIPRW,,,,
GITS,GITS,,,,
GLAD,GLAD,,,,
GLADZ,GLADZ,,,,
GLBE,GLBE,,,,
GLBS,GLBS,,,,
GLBZ,GLBZ,,,,
GLDD,GLDD,,,,
GLDI,GLDI,,,,
GLE,GLE,,,,
GLMD,GLMD,,,,
GLNG,GLNG,,,,
GLPG,GLPG,,,,
GLRE,GLRE,,,,
GLSI,GLSI,,,,
GLTO,GLTO,,,,
GLUE,GLUE,,,,
GLXG,GLXG,,,,
GLXY,GLXY,,,,
GMAB,GMAB,,,,
GMGI,GMGI,,,,
GMHS,GMHS,,,,
GMM,GMM,,,,
GNFT,GNFT,,,,
GNLN,GNLN,,,,
GNLX,GNLX,,,,
GNPX,GNPX,,,,
GNSS,GNSS,,,,
GNTA,GNTA,,,,
GO,GO,,,,
GOCO,GOCO,,,,
GOGO,GOGO,,,,
GOOD,GOOD,,,,
GOODN,GOODN,,,,
GOODO,GOODO,,,,
GORV,GORV,,,,
GOSS,GOSS,,,,
GOVX,GOVX,,,,
GOVXW,GOVXW,,,,
GP,GP,,,,
GPAT,GPAT,,,,
GPATU,GPATU,,,,
GPATW,GPATW,,,,
GPCR,GPCR,,,,
GPRE,GPRE,,,,
GPRO,GPRO,,,,
GRAB,GRAB,,,,
GRABW,GRABW,,,,
GRAL,GRAL,,,,
GRAN,GRAN,,,,
GRCE,GRCE,,,,
GREE,GREE,,,,
GREEL,GREEL,,,,
GRFS,GRFS,,,,
GRI,GRI,,,,
GRNQ,GRNQ,,,,
GROW,GROW,,,,
GRPN,GRPN,,,,
GRRR,GRRR,,,,
GRRRW,GRRRW,,,,
GRVY,GRVY,,,,
GRWG,GRWG,,,,
GSAT,GSAT,,,,
GSBC,GSBC,,,,
GSHD,GSHD,,,,
GSHR,GSHR,,,,
GSHRU,GSHRU,,,,
GSHRW,GSHRW,,,,
GSIT,GSIT,,,,
GSIW,GSIW,,,,
GSM,GSM,,,,
GSRFU,GSRFU,,,,
GSRT,GSRT,,,,
GSRTR,GSRTR,,,,
GSRTU,GSRTU,,,,
GSUN,GSUN,,,,
GT,GT,,,,
GTBP,GTBP,,,,
GTEC,GTEC,,,,
GTEN,GTEN,,,,
GTENU,GTENU,,,,
GTENW,GTENW,,,,
GTERA,GTERA,,,,
GTERR,GTERR,,,,
GTERU,GTERU,,,,
GTERW,GTERW,,,,
GTI,GTI,,,,
GTIM,GTIM,,,,
GTX,GTX,,,,
GURE,GURE,,,,
GUTS,GUTS,,,,
GV,GV,,,,
GVH,GVH,,,,
GWAV,GWAV,,,,
GWRS,GWRS,,,,
GXAI,GXAI,,,,
GYRE,GYRE,,,,
GYRO,GYRO,,,,
HAFC,HAFC,,,,
HAIN,HAIN,,,,
HAO,HAO,,,,
HBANL,HBANL,,,,
HBANM,HBANM,,,,
HBANP,HBANP,,,,
HBCP,HBCP,,,,
HBIO,HBIO,,,,
HBNB,HBNB,,,,
HBNC,HBNC,,,,
HBT,HBT,,,,
HCAI,HCAI,,,,
HCAT,HCAT,,,,
HCHL,HCHL,,,,
HCKT,HCKT,,,,
HCM,HCM,,,,
HCMAU,HCMAU,,,,
HCSG,HCSG,,,,
HCTI,HCTI,,,,
HCWB,HCWB,,,,
HDL,HDL,,,,
HDSN,HDSN,,,,
HELE,HELE,,,,
HEPS,HEPS,,,,
HERZ,HERZ,,,,
HFBL,HFBL,,,,
HFFG,HFFG,,,,
HFWA,HFWA,,,,
HGBL,HGBL,,,,
HHS,HHS,,,,
HIFS,HIFS,,,,
HIHO,HIHO,,,,
HIMX,HIMX,,,,
HIND,HIND,,,,
HIT,HIT,,,,
HITI,HITI,,,,
HIVE,HIVE,,,nan,
HKIT,HKIT,,,,
HKPD,HKPD,,,,
HLIT,HLIT,,,,
HLMN,HLMN,,,,
HLP,HLP,,,,
HLVX,HLVX,,,,
HMR,HMR,,,,
HNNA,HNNA,,,,
HNNAZ,HNNAZ,,,,
HNRG,HNRG,,,,
HNST,HNST,,,,
HNVR,HNVR,,,,
HOFT,HOFT,,,,
HOLO,HOLO,,,,
HOLOW,HOLOW,,,,
HOND,HOND,,,,
HONDU,HONDU,,,,
HONDW,HONDW,,,,
HONE,HONE,,,,
HOPE,HOPE,,,,
HOTH,HOTH,,,,
HOUR,HOUR,,,,
HOVNP,HOVNP,,,,
HOVR,HOVR,,,,
HOVRW,HOVRW,,,,
HOWL,HOWL,,,,
HPAI,HPAI,,,,
HPAIW,HPAIW,,,,
HPK,HPK,,,,
HQI,HQI,,,,
HQY,HQY,,,,
HRMY,HRMY,,,,
HROW,HROW,,,,
HROWL,HROWL,,,,
HROWM,HROWM,,,,
HRTX,HRTX,,,,
HRZN,HRZN,,,,
HSAI,HSAI,,,,
HSCS,HSCS,,,,
HSCSW,HSCSW,,,,
HSDT,HSDT,,,,
HSII,HSII,,,,
HSPO,HSPO,,,,
HSPOR,HSPOR,,,,
HSPOU,HSPOU,,,,
HSPOW,HSPOW,,,,
HSPT,HSPT,,,,
HSPTR,HSPTR,,,,
HSPTU,HSPTU,,,,
HSTM,HSTM,,,,
HTBK,HTBK,,,,
HTCO,HTCO,,,,
HTCR,HTCR,,,,
HTFL,HTFL,,,,
HTHT,HTHT,,,,
HTLD,HTLD,,,,
HTLM,HTLM,,,,
HTO,HTO,,,,
HTOO,HTOO,,,,
HTOOW,HTOOW,,,,
HTZ,HTZ,,,,
HTZWW,HTZWW,,,,
HUBC,HUBC,,,,
HUBCW,HUBCW,,,,
HUBCZ,HUBCZ,,,,
HUBG,HUBG,,,,
HUDI,HUDI,,,,
HUHU,HUHU,,,,
HUIZ,HUIZ,,,,
HUMA,HUMA,,,,
HUMAW,HUMAW,,,,
HURA,HURA,,,,
HURC,HURC,,,,
HURN,HURN,,,,
HUT,HUT,,,,
HVII,HVII,,,,
HVIIR,HVIIR,,,,
HVIIU,HVIIU,,,,
HVMCU,HVMCU,,,,
HWBK,HWBK,,,,
HWC,HWC,,,,
HWCPZ,HWCPZ,,,,
HWH,HWH,,,,
HWKN,HWKN,,,,
HXHX,HXHX,,,,
HYFM,HYFM,,,,
HYFT,HYFT,,,,
HYMC,HYMC,,,,
HYMCL,HYMCL,,,,
HYPD,HYPD,,,,
HYPR,HYPR,,,,
IART,IART,,,,
IAS,IAS,,,,
IBAC,IBAC,,,,
IBACR,IBACR,,,,
IBCP,IBCP,,,,
IBEX,IBEX,,,,
IBG,IBG,,,,
IBIO,IBIO,,,,
IBIT,IBIT,,,,
IBOC,IBOC,,,,
IBRX,IBRX,,,,
ICCC,ICCC,,,,
ICCM,ICCM,,,,
ICFI,ICFI,,,,
ICG,ICG,,,,
ICHR,ICHR,,,,
ICLR,ICLR,,,,
ICMB,ICMB,,,,
ICON,ICON,,,,
ICU,ICU,,,,
ICUCW,ICUCW,,,,
ICUI,ICUI,,,,
IDAI,IDAI,,,,
IDCC,IDCC,,,nan,
IDN,IDN,,,,
IDYA,IDYA,,,,
IEP,IEP,,,,
IESC,IESC,,,,
IFBD,IFBD,,,,
IFRX,IFRX,,,,
IGIC,IGIC,,,,
IHRT,IHRT,,,,
III,III,,,,
IIIV,IIIV,,,,
IINN,IINN,,,,
IINNW,IINNW,,,,
IKT,IKT,,,,
ILAG,ILAG,,,,
ILLR,ILLR,,,,
ILLRW,ILLRW,,,,
ILPT,ILPT,,,,
IMA,IMA,,,,
IMAB,IMAB,,,,
IMCC,IMCC,,,,
IMCR,IMCR,,,,
IMDX,IMDX,,,,
IMG,IMG,,,,
IMKTA,IMKTA,,,,
IMMP,IMMP,,,,
IMMR,IMMR,,,,
IMMX,IMMX,,,,
IMNM,IMNM,,,,
IMNN,IMNN,,,,
IMOS,IMOS,,,,
IMPP,IMPP,,,,
IMPPP,IMPPP,,,,
IMRN,IMRN,,,,
IMRX,IMRX,,,,
IMTE,IMTE,,,,
IMTX,IMTX,,,,
IMUX,IMUX,,,,
IMVT,IMVT,,,,
IMXI,IMXI,,,,
INAB,INAB,,,,
INAC,INAC,,,,
INACR,INACR,,,,
INACU,INACU,,,,
INBK,INBK,,,,
INBKZ,INBKZ,,,,
INBS,INBS,,,,
INBX,INBX,,,,
INCR,INCR,,,,
INDB,INDB,,,,
INDI,INDI,,,,
INDP,INDP,,,,
INDV,INDV,,,,
INEO,INEO,,,,
INGN,INGN,,,,
INHD,INHD,,,,
INKT,INKT,,,,
INLF,INLF,,,,
INM,INM,,,,
INMB,INMB,,,,
INMD,INMD,,,,
INNV,INNV,,,,
INO,INO,,,,
INOD,INOD,,,nan,
INSE,INSE,,,,
INSG,INSG,,,,
INTA,INTA,,,,
INTG,INTG,,,,
INTJ,INTJ,,,,
INTR,INTR,,,,
INTS,INTS,,,,
INTZ,INTZ,,,,
INV,INV,,,,
INVA,INVA,,,,
INVE,INVE,,,,
INVZ,INVZ,,,,
INVZW,INVZW,,,,
IOBT,IOBT,,,,
IONR,IONR,,,,
IOSP,IOSP,,,,
IOTR,IOTR,,,,
IOVA,IOVA,,,,
IPAR,IPAR,,,,
IPCX,IPCX,,,,
IPCXR,IPCXR,,,,
IPCXU,IPCXU,,,,
IPDN,IPDN,,,,
IPHA,IPHA,,,,
IPM,IPM,,,,
IPOD,IPOD,,,,
IPODU,IPODU,,,,
IPODW,IPODW,,,,
IPSC,IPSC,,,,
IPW,IPW,,,,
IPWR,IPWR,,,,
IPX,IPX,,,,
IQ,IQ,,,,
IQST,IQST,,,,
IRBT,IRBT,,,,
IRD,IRD,,,,
IREN,IREN,,,nan,
IRIX,IRIX,,,,
IRMD,IRMD,,,,
IROH,IROH,,,,
IROHR,IROHR,,,,
IROHU,IROHU,,,,
IROHW,IROHW,,,,
IRON,IRON,,,,
IROQ,IROQ,,,,
IRTC,IRTC,,,nan,
IRWD,IRWD,,,,
ISBA,ISBA,,,,
ISPC,ISPC,,,,
ISPO,ISPO,,,,
ISPOW,ISPOW,,,,
ISPR,ISPR,,,,
ISRL,ISRL,,,,
ISRLU,ISRLU,,,,
ISRLW,ISRLW,,,,
ISSC,ISSC,,,,
ISTR,ISTR,,,,
ITIC,ITIC,,,,
ITRI,ITRI,,,nan,
ITRM,ITRM,,,,
ITRN,ITRN,,,,
IVA,IVA,,,,
IVDA,IVDA,,,,
IVDAW,IVDAW,,,,
IVF,IVF,,,,
IVP,IVP,,,,
IVVD,IVVD,,,,
IXHL,IXHL,,,,
IZEA,IZEA,,,,
IZM,IZM,,,,
JACK,JACK,,,,
JAGX,JAGX,,,,
JAKK,JAKK,,,,
JAMF,JAMF,,,,
JANX,JANX,,,,
JBDI,JBDI,,,,
JBIO,JBIO,,,,
JBLU,JBLU,,,nan,
JBSS,JBSS,,,,
JCAP,JCAP,,,,
JCSE,JCSE,,,,
JCTC,JCTC,,,,
JD,JD,,,,
JDZG,JDZG,,,,
JEM,JEM,,,,
JFB,JFB,,,,
JFBR,JFBR,,,,
JFBRW,JFBRW,,,,
JFIN,JFIN,,,,
JFU,JFU,,,,
JG,JG,,,,
JJSF,JJSF,,,,
JL,JL,,,,
JLHL,JLHL,,,,
JMSB,JMSB,,,,
JOUT,JOUT,,,,
JOYY,JOYY,,,,
JRSH,JRSH,,,,
JRVR,JRVR,,,,
JSM,JSM,,,,
JSPR,JSPR,,,,
JSPRW,JSPRW,,,,
JTAI,JTAI,,,,
JUNS,JUNS,,,,
JVA,JVA,,,,
JWEL,JWEL,,,,
JXG,JXG,,,,
JYD,JYD,,,,
JYNT,JYNT,,,,
JZ,JZ,,,,
JZXN,JZXN,,,,
KALA,KALA,,,,
KALU,KALU,,,,
KALV,KALV,,,,
KARO,KARO,,,,
KAVL,KAVL,,,,
KBSX,KBSX,,,,
KC,KC,,,,
KCHV,KCHV,,,,
KCHVR,KCHVR,,,,
KCHVU,KCHVU,,,,
KE,KE,,,,
KELYA,KELYA,,,,
KELYB,KELYB,,,,
KEQU,KEQU,,,,
KFFB,KFFB,,,,
KFII,KFII,,,,
KFIIR,KFIIR,,,,
KFIIU,KFIIU,,,,
KG,KG,,,,
KGEI,KGEI,,,,
KIDS,KIDS,,,,
KIDZ,KIDZ,,,,
KIDZW,KIDZW,,,,
KINS,KINS,,,,
KITT,KITT,,,,
KITTW,KITTW,,,,
KLIC,KLIC,,,,
KLRS,KLRS,,,,
KLTO,KLTO,,,,
KLTOW,KLTOW,,,,
KLTR,KLTR,,,,
KLXE,KLXE,,,,
KMDA,KMDA,,,,
KMRK,KMRK,,,,
KMTS,KMTS,,,,
KNDI,KNDI,,,,
KNSA,KNSA,,,,
KOD,KOD,,,,
KOPN,KOPN,,,,
KOSS,KOSS,,,,
KOYNU,KOYNU,,,,
KPLT,KPLT,,,,
KPLTW,KPLTW,,,,
KPRX,KPRX,,,,
KPTI,KPTI,,,,
KRKR,KRKR,,,,
KRMD,KRMD,,,,
KRNT,KRNT,,,,
KRNY,KRNY,,,,
KROS,KROS,,,,
KRRO,KRRO,,,,
KRT,KRT,,,,
KRUS,KRUS,,,,
KRYS,KRYS,,,,
KSCP,KSCP,,,,
KSPI,KSPI,,,,
KTCC,KTCC,,,,
KTOS,KTOS,,,,
KTTA,KTTA,,,,
KTTAW,KTTAW,,,,
KURA,KURA,,,,
KVAC,KVAC,,,,
KVACU,KVACU,,,,
KVACW,KVACW,,,,
KVHI,KVHI,,,,
KWM,KWM,,,,
KWMWW,KWMWW,,,,
KXIN,KXIN,,,,
KYIV,KYIV,,,,
KYIVW,KYIVW,,,,
KYMR,KYMR,,,,
KYTX,KYTX,,,,
KZIA,KZIA,,,,
KZR,KZR,,,,
LAB,LAB,,,,
LAES,LAES,,,,
LAKE,LAKE,,,,
LAND,LAND,,,,
LANDM,LANDM,,,,
LANDO,LANDO,,,,
LANDP,LANDP,,,,
LARK,LARK,,,,
LASE,LASE,,,,
LASR,LASR,,,,
LAUR,LAUR,,,,
LAWR,LAWR,,,,
LAZR,LAZR,,,,
LBGJ,LBGJ,,,,
LBRDP,LBRDP,,,,
LBTYB,LBTYB,,,,
LCCC,LCCC,,,,
LCCCR,LCCCR,,,,
LCCCU,LCCCU,,,,
LCFY,LCFY,,,,
LCFYW,LCFYW,,,,
LCNB,LCNB,,,,
LCUT,LCUT,,,,
LDWY,LDWY,,,,
LE,LE,,,,
LEDS,LEDS,,,,
LEE,LEE,,,,
LEGH,LEGH,,,,
LEGN,LEGN,,,,
LENZ,LENZ,,,,
LESL,LESL,,,,
LEXX,LEXX,,,,
LEXXW,LEXXW,,,,
LFCR,LFCR,,,,
LFMD,LFMD,,,,
LFMDP,LFMDP,,,,
LFST,LFST,,,,
LFVN,LFVN,,,,
LFWD,LFWD,,,,
LGCB,LGCB,,,,
LGCL,LGCL,,,,
LGHL,LGHL,,,,
LGIH,LGIH,,,,
LGND,LGND,,,,
LGO,LGO,,,,
LGVN,LGVN,,,,
LHAI,LHAI,,,,
LHSW,LHSW,,,,
LI,LI,,,,
LICN,LICN,,,,
LIDR,LIDR,,,,
LIDRW,LIDRW,,,,
LIEN,LIEN,,,,
LIF,LIF,,,nan,
LILA,LILA,,,,
LILAK,LILAK,,,,
LIMN,LIMN,,,,
LIMNW,LIMNW,,,,
LINC,LINC,,,,
LIND,LIND,,,,
LINK,LINK,,,,
LIQT,LIQT,,,,
LITM,LITM,,,,
LIVE,LIVE,,,,
LIVN,LIVN,,,,
LIXT,LIXT,,,,
LIXTW,LIXTW,,,,
LKFN,LKFN,,,,
LMAT,LMAT,,,,
LMB,LMB,,,,
LMFA,LMFA,,,,
LMNR,LMNR,,,,
LNKB,LNKB,,,,
LNKS,LNKS,,,,
LNSR,LNSR,,,,
LNTH,LNTH,,,nan,
LNZA,LNZA,,,,
LNZAW,LNZAW,,,,
LOAN,LOAN,,,,
LOBO,LOBO,,,,
LOCO,LOCO,,,,
LOGI,LOGI,,,,
LOKV,LOKV,,,,
LOKVU,LOKVU,,,,
LOKVW,LOKVW,,,,
LOOP,LOOP,,,,
LOT,LOT,,,,
LOTWW,LOTWW,,,,
LOVE,LOVE,,,,
LPAA,LPAA,,,,
LPAAU,LPAAU,,,,
LPAAW,LPAAW,,,,
LPBB,LPBB,,,,
LPBBU,LPBBU,,,,
LPBBW,LPBBW,,,,
LPCN,LPCN,,,,
LPRO,LPRO,,,,
LPSN,LPSN,,,,
LPTH,LPTH,,,,
LPTX,LPTX,,,,
LQDA,LQDA,,,nan,
LQDT,LQDT,,,,
LRE,LRE,,,,
LRHC,LRHC,,,,
LRMR,LRMR,,,,
LSAK,LSAK,,,,
LSB,LSB,,,,
LSBK,LSBK,,,,
LSBPW,LSBPW,,,,
LSE,LSE,,,,
LSH,LSH,,,,
LSTA,LSTA,,,,
LTBR,LTBR,,,,
LTRN,LTRN,,,,
LTRX,LTRX,,,,
LTRYW,LTRYW,,,,
LUCD,LUCD,,,,
LUCY,LUCY,,,,
LUCYW,LUCYW,,,,
LUNG,LUNG,,,,
LUNR,LUNR,,,,
LVLU,LVLU,,,,
LVO,LVO,,,,
LVRO,LVRO,,,,
LVROW,LVROW,,,,
LVTX,LVTX,,,,
LWAC,LWAC,,,,
LWACU,LWACU,,,,
LWACW,LWACW,,,,
LWAY,LWAY,,,,
LWLG,LWLG,,,,
LX,LX,,,,
LXEH,LXEH,,,,
LXEO,LXEO,,,,
LXRX,LXRX,,,,
LYEL,LYEL,,,,
LYRA,LYRA,,,,
LYTS,LYTS,,,,
LZ,LZ,,,,
LZMH,LZMH,,,,
MAAS,MAAS,,,,
MACI,MACI,,,,
MACIU,MACIU,,,,
MACIW,MACIW,,,,
MAGH,MAGH,,,,
MAMA,MAMA,,,,
MAMK,MAMK,,,,
MAMO,MAMO,,,,
MAPS,MAPS,,,,
MAPSW,MAPSW,,,,
MARA,MARA,,,nan,
MARPS,MARPS,,,,
MASK,MASK,,,,
MASS,MASS,,,,
MATH,MATH,,,,
MATW,MATW,,,,
MAXN,MAXN,,,,
MAYA,MAYA,,,,
MAYAR,MAYAR,,,,
MAYAU,MAYAU,,,,
MAYS,MAYS,,,,
MAZE,MAZE,,,,
MB,MB,,,,
MBAV,MBAV,,,,
MBAVU,MBAVU,,,,
MBAVW,MBAVW,,,,
MBBC,MBBC,,,,
MBCN,MBCN,,,,
MBIN,MBIN,,,,
MBINL,MBINL,,,,
MBINM,MBINM,,,,
MBINN,MBINN,,,,
MBIO,MBIO,,,,
MBLY,MBLY,,,,
MBNKO,MBNKO,,,,
MBOT,MBOT,,,,
MBRX,MBRX,,,,
MBUU,MBUU,,,,
MBVIU,MBVIU,,,,
MBWM,MBWM,,,,
MBX,MBX,,,,
MCBS,MCBS,,,,
MCFT,MCFT,,,,
MCHB,MCHB,,,,
MCHPP,MCHPP,,,,
MCHX,MCHX,,,,
MCRB,MCRB,,,,
MCRI,MCRI,,,,
MCTR,MCTR,,,,
MCW,MCW,,,,
MDAI,MDAI,,,,
MDAIW,MDAIW,,,,
MDBH,MDBH,,,,
MDCX,MDCX,,,,
MDCXW,MDCXW,,,,
MDGL,MDGL,,,,
MDIA,MDIA,,,,
MDRR,MDRR,,,,
MDWD,MDWD,,,,
MDXG,MDXG,,,,
MDXH,MDXH,,,,
MEGL,MEGL,,,,
MEIP,MEIP,,,,
MENS,MENS,,,,
MEOH,MEOH,,,,
MERC,MERC,,,,
MESA,MESA,,,,
MESO,MESO,,,,
METC,METC,,,,
METCB,METCB,,,,
METCI,METCI,,,,
METCZ,METCZ,,,,
MFH,MFH,,,,
MFI,MFI,,,,
MFIC,MFIC,,,,
MFICL,MFICL,,,,
MFIN,MFIN,,,,
MGEE,MGEE,,,,
MGIC,MGIC,,,,
MGIH,MGIH,,,,
MGNI,MGNI,,,,
MGNX,MGNX,,,,
MGPI,MGPI,,,,
MGRC,MGRC,,,,
MGRM,MGRM,,,,
MGRT,MGRT,,,,
MGRX,MGRX,,,,
MGTX,MGTX,,,,
MGX,MGX,,,,
MGYR,MGYR,,,,
MHUA,MHUA,,,,
MIGI,MIGI,,,,
MIMI,MIMI,,,,
MIND,MIND,,,,
MIRA,MIRA,,,,
MIRM,MIRM,,,nan,
MIST,MIST,,,,
MITK,MITK,,,,
MJID,MJID,,,,
MKDW,MKDW,,,,
MKDWW,MKDWW,,,,
MKLYU,MKLYU,,,,
MKTW,MKTW,,,,
MKZR,MKZR,,,,
MLAB,MLAB,,,,
MLAC,MLAC,,,,
MLACR,MLACR,,,,
MLACU,MLACU,,,,
MLCO,MLCO,,,,
MLEC,MLEC,,,,
MLECW,MLECW,,,,
MLGO,MLGO,,,,
MLKN,MLKN,,,,
MLTX,MLTX,,,,
MLYS,MLYS,,,nan,
MMLP,MMLP,,,,
MMSI,MMSI,,,,
MMYT,MMYT,,,,
MNDO,MNDO,,,,
MNDR,MNDR,,,,
MNDY,MNDY,,,nan,
MNKD,MNKD,,,,
MNMD,MNMD,,,,
MNOV,MNOV,,,,
MNPR,MNPR,,,,
MNRO,MNRO,,,,
MNSB,MNSB,,,,
MNSBP,MNSBP,,,,
MNTK,MNTK,,,,
MNTS,MNTS,,,,
MNTSW,MNTSW,,,,
MNY,MNY,,,,
MNYWW,MNYWW,,,,
MOB,MOB,,,,
MOBBW,MOBBW,,,,
MOBX,MOBX,,,,
MOBXW,MOBXW,,,,
MODD,MODD,,,,
MOFG,MOFG,,,,
MOGO,MOGO,,,,
MOLN,MOLN,,,,
MOMO,MOMO,,,,
MOVE,MOVE,,,,
MPAA,MPAA,,,,
MPB,MPB,,,,
MQ,MQ,,,,
MRAM,MRAM,,,,
MRBK,MRBK,,,,
MRCC,MRCC,,,,
MRCY,MRCY,,,,
MREO,MREO,,,,
MRKR,MRKR,,,,
MRM,MRM,,,,
MRNO,MRNO,,,,
MRNOW,MRNOW,,,,
MRSN,MRSN,,,,
MRTN,MRTN,,,,
MRUS,MRUS,,,,
MRVI,MRVI,,,,
MRX,MRX,,,,
MSAI,MSAI,,,,
MSAIW,MSAIW,,,,
MSBI,MSBI,,,,
MSBIP,MSBIP,,,,
MSEX,MSEX,,,,
MSGM,MSGM,,,,
MSGY,MSGY,,,,
MSPR,MSPR,,,,
MSPRW,MSPRW,,,,
MSPRZ,MSPRZ,,,,
MSS,MSS,,,,
MSW,MSW,,,,
MTC,MTC,,,,
MTEK,MTEK,,,,
MTEKW,MTEKW,,,,
MTEN,MTEN,,,,
MTEX,MTEX,,,,
MTLS,MTLS,,,,
MTRX,MTRX,,,,
MTSR,MTSR,,,,
MTVA,MTVA,,,,
MURA,MURA,,,,
MVBF,MVBF,,,,
MVIS,MVIS,,,,
MVST,MVST,,,,
MVSTW,MVSTW,,,,
MWYN,MWYN,,,,
MXCT,MXCT,,,,
MXL,MXL,,,,
MYFW,MYFW,,,,
MYGN,MYGN,,,,
MYNZ,MYNZ,,,,
MYPS,MYPS,,,,
MYPSW,MYPSW,,,,
MYRG,MYRG,,,,
MYSE,MYSE,,,,
MYSEW,MYSEW,,,,
MYSZ,MYSZ,,,,
MZTI,MZTI,,,,
NAAS,NAAS,,,,
NAGE,NAGE,,,,
NAII,NAII,,,,
NAKA,NAKA,,,,
NAMI,NAMI,,,,
NAMM,NAMM,,,,
NAMMW,NAMMW,,,,
NAMS,NAMS,,,,
NAMSW,NAMSW,,,,
NAOV,NAOV,,,,
NATH,NATH,,,,
NATR,NATR,,,,
NAUT,NAUT,,,,
NAVI,NAVI,,,,
NB,NB,,,,
NBBK,NBBK,,,,
NBIS,NBIS,,,,
NBN,NBN,,,,
NBTB,NBTB,,,,
NBTX,NBTX,,,,
NCEW,NCEW,,,,
NCI,NCI,,,,
NCIQ,NCIQ,,,,
NCMI,NCMI,,,,
NCNA,NCNA,,,,
NCPL,NCPL,,,,
NCPLW,NCPLW,,,,
NCRA,NCRA,,,,
NCSM,NCSM,,,,
NCT,NCT,,,,
NCTY,NCTY,,,,
NDLS,NDLS,,,,
NDRA,NDRA,,,,
NECB,NECB,,,,
NEGG,NEGG,,,,
NEO,NEO,,,,
NEOG,NEOG,,,,
NEON,NEON,,,nan,
NEOV,NEOV,,,,
NEOVW,NEOVW,,,,
NEPH,NEPH,,,,
NERV,NERV,,,,
NESR,NESR,,,,
NETD,NETD,,,,
NETDU,NETDU,,,,
NETDW,NETDW,,,,
NEUP,NEUP,,,,
NEWT,NEWT,,,,
NEWTG,NEWTG,,,,
NEWTH,NEWTH,,,,
NEWTI,NEWTI,,,,
NEWTP,NEWTP,,,,
NEWTZ,NEWTZ,,,,
NEXM,NEXM,,,,
NEXN,NEXN,,,,
NEXT,NEXT,,,,
NFBK,NFBK,,,,
NFE,NFE,,,,
NGNE,NGNE,,,,
NHIC,NHIC,,,,
NHICU,NHICU,,,,
NHICW,NHICW,,,,
NHPAP,NHPAP,,,,
NHPBP,NHPBP,,,,
NHTC,NHTC,,,,
NICE,NICE,,,nan,
NIOBW,NIOBW,,,,
NIPG,NIPG,,,,
NISN,NISN,,,,
NITO,NITO,,,,
NIU,NIU,,,,
NIVF,NIVF,,,,
NIVFW,NIVFW,,,,
NIXX,NIXX,,,,
NIXXW,NIXXW,,,,
NKSH,NKSH,,,,
NKTR,NKTR,,,,
NKTX,NKTX,,,,
NLSP,NLSP,,,,
NLSPW,NLSPW,,,,
NMFC,NMFC,,,,
NMFCZ,NMFCZ,,,,
NMIH,NMIH,,,,
NMP,NMP,,,,
NMPAR,NMPAR,,,,
NMPAU,NMPAU,,,,
NMRA,NMRA,,,,
NMRK,NMRK,,,,
NMTC,NMTC,,,,
NN,NN,,,,
NNAVW,NNAVW,,,,
NNBR,NNBR,,,,
NNDM,NNDM,,,,
NNE,NNE,,,nan,
NNNN,NNNN,,,,
NNOX,NNOX,,,,
NODK,NODK,,,,
NOEM,NOEM,,,,
NOEMR,NOEMR,,,,
NOEMU,NOEMU,,,,
NOEMW,NOEMW,,,,
NOTV,NOTV,,,,
NOVT,NOVT,,,,
NPAC,NPAC,,,,
NPACU,NPACU,,,,
NPACW,NPACW,,,,
NPCE,NPCE,,,,
NRC,NRC,,,,
NRDS,NRDS,,,,
NRIM,NRIM,,,,
NRIX,NRIX,,,,
NRSN,NRSN,,,,
NRSNW,NRSNW,,,,
NRXP,NRXP,,,,
NRXPW,NRXPW,,,,
NSIT,NSIT,,,,
NSPR,NSPR,,,,
NSSC,NSSC,,,,
NSTS,NSTS,,,,
NSYS,NSYS,,,,
NTCL,NTCL,,,,
NTCT,NTCT,,,,
NTES,NTES,,,,
NTGR,NTGR,,,,
NTHI,NTHI,,,,
NTIC,NTIC,,,,
NTLA,NTLA,,,,
NTRB,NTRB,,,,
NTRBW,NTRBW,,,,
NTRP,NTRP,,,,
NTRSO,NTRSO,,,,
NTWK,NTWK,,,,
NTWO,NTWO,,,,
NTWOU,NTWOU,,,,
NTWOW,NTWOW,,,,
NUAI,NUAI,,,,
NUAIW,NUAIW,,,,
NUKK,NUKK,,,nan,
NUKKW,NUKKW,,,,
NUTR,NUTR,,,,
NUTX,NUTX,,,,
NUVL,NUVL,,,,
NUWE,NUWE,,,,
NVA,NVA,,,,
NVAWW,NVAWW,,,,
NVAX,NVAX,,,nan,
NVCR,NVCR,,,,
NVCT,NVCT,,,,
NVEC,NVEC,,,,
NVFY,NVFY,,,,
NVMI,NVMI,,,,
NVNI,NVNI,,,,
NVNIW,NVNIW,,,,
NVNO,NVNO,,,,
NVTS,NVTS,,,nan,
NVVE,NVVE,,,,
NVVEW,NVVEW,,,,
NVX,NVX,,,,
NWBI,NWBI,,,,
NWE,NWE,,,,
NWFL,NWFL,,,,
NWGL,NWGL,,,,
NWPX,NWPX,,,,
NWTG,NWTG,,,,
NXGL,NXGL,,,,
NXGLW,NXGLW,,,,
NXL,NXL,,,,
NXLIW,NXLIW,,,,
NXPL,NXPL,,,,
NXPLW,NXPLW,,,,
NXT,NXT,,,,
NXTC,NXTC,,,,
NXTT,NXTT,,,,
NXXT,NXXT,,,,
NYAX,NYAX,,,,
NYXH,NYXH,,,,
OABI,OABI,,,,
OABIW,OABIW,,,,
OACC,OACC,,,,
OACCU,OACCU,,,,
OACCW,OACCW,,,,
OAKU,OAKU,,,,
OAKUR,OAKUR,,,,
OAKUU,OAKUU,,,,
OAKUW,OAKUW,,,,
OBA,OBA,,,,
OBAWU,OBAWU,,,,
OBAWW,OBAWW,,,,
OBIO,OBIO,,,,
OBLG,OBLG,,,,
OBT,OBT,,,,
OCC,OCC,,,,
OCCI,OCCI,,,,
OCCIM,OCCIM,,,,
OCCIN,OCCIN,,,,
OCCIO,OCCIO,,,,
OCFC,OCFC,,,,
OCG,OCG,,,,
OCGN,OCGN,,,,
OCS,OCS,,,,
OCSAW,OCSAW,,,,
OCSL,OCSL,,,,
OCTO,OCTO,,,,
OCUL,OCUL,,,,
ODD,ODD,,,,
ODP,ODP,,,,
ODVWZ,ODVWZ,,,,
ODYS,ODYS,,,,
OESX,OESX,,,,
OFAL,OFAL,,,,
OFIX,OFIX,,,,
OFLX,OFLX,,,,
OFS,OFS,,,,
OFSSH,OFSSH,,,,
OFSSO,OFSSO,,,,
OGI,OGI,,,,
OKUR,OKUR,,,,
OKYO,OKYO,,,,
OLB,OLB,,,,
OLMA,OLMA,,,,
OLPX,OLPX,,,,
OM,OM,,,,
OMAB,OMAB,,,,
OMCC,OMCC,,,,
OMCL,OMCL,,,,
OMDA,OMDA,,,,
OMER,OMER,,,,
OMEX,OMEX,,,,
OMH,OMH,,,,
OMSE,OMSE,,,,
ONB,ONB,,,nan,
ONBPO,ONBPO,,,,
ONBPP,ONBPP,,,,
ONC,ONC,,,nan,
ONCHU,ONCHU,,,,
ONCO,ONCO,,,,
ONCY,ONCY,,,,
ONDS,ONDS,,,nan,
ONEG,ONEG,,,,
ONEW,ONEW,,,,
ONFO,ONFO,,,,
ONFOW,ONFOW,,,,
ONMD,ONMD,,,,
ONMDW,ONMDW,,,,
OP,OP,,,,
OPAL,OPAL,,,,
OPBK,OPBK,,,,
OPCH,OPCH,,,,
OPEN,OPEN,,,,
OPI,OPI,,,,
OPINL,OPINL,,,,
OPK,OPK,,,,
OPRA,OPRA,,,,
OPRT,OPRT,,,,
OPRX,OPRX,,,,
OPT,OPT,,,,
OPTX,OPTX,,,,
OPTXW,OPTXW,,,,
OPXS,OPXS,,,,
ORGN,ORGN,,,,
ORGNW,ORGNW,,,,
ORGO,ORGO,,,,
ORIC,ORIC,,,,
ORIQU,ORIQU,,,,
ORIS,ORIS,,,,
ORKA,ORKA,,,,
ORKT,ORKT,,,,
ORMP,ORMP,,,,
ORRF,ORRF,,,,
OS,OS,,,,
OSBC,OSBC,,,,
OSIS,OSIS,,,,
OSPN,OSPN,,,,
OSRH,OSRH,,,,
OSRHW,OSRHW,,,,
OSS,OSS,,,,
OST,OST,,,,
OSUR,OSUR,,,,
OSW,OSW,,,,
OTEX,OTEX,,,nan,
OTLK,OTLK,,,,
OTLY,OTLY,,,,
OTTR,OTTR,,,,
OUST,OUST,,,nan,
OUSTW,OUSTW,,,,
OUSTZ,OUSTZ,,,,
OVBC,OVBC,,,,
OVID,OVID,,,,
OVLY,OVLY,,,,
OXBR,OXBR,,,,
OXBRW,OXBRW,,,,
OXLC,OXLC,,,,
OXLCG,OXLCG,,,,
OXLCI,OXLCI,,,,
OXLCL,OXLCL,,,,
OXLCN,OXLCN,,,,
OXLCO,OXLCO,,,,
OXLCP,OXLCP,,,,
OXLCZ,OXLCZ,,,,
OXSQ,OXSQ,,,,
OXSQG,OXSQG,,,,
OXSQH,OXSQH,,,,
OXSQZ,OXSQZ,,,,
OYSE,OYSE,,,,
OYSER,OYSER,,,,
OYSEU,OYSEU,,,,
OZKAP,OZKAP,,,,
PAA,PAA,,,,
PACB,PACB,,,,
PACH,PACH,,,,
PACHU,PACHU,,,,
PACHW,PACHW,,,,
PAGP,PAGP,,,,
PAHC,PAHC,,,,
PAL,PAL,,,,
PALI,PALI,,,,
PAMT,PAMT,,,,
PANL,PANL,,,,
PASG,PASG,,,,
PATK,PATK,,,,
PAVM,PAVM,,,,
PAVS,PAVS,,,,
PAX,PAX,,,,
PAYO,PAYO,,,,
PAYS,PAYS,,,,
PBBK,PBBK,,,,
PBFS,PBFS,,,,
PBHC,PBHC,,,,
PBM,PBM,,,,
PBMWW,PBMWW,,,,
PBPB,PBPB,,,,
PBYI,PBYI,,,,
PC,PC,,,,
PCAP,PCAP,,,,
PCAPU,PCAPU,,,,
PCAPW,PCAPW,,,,
PCB,PCB,,,,
PCH,PCH,,,,
PCLA,PCLA,,,,
PCRX,PCRX,,,,
PCSA,PCSA,,,,
PCSC,PCSC,,,,
PCT,PCT,,,,
PCTTU,PCTTU,,,,
PCTTW,PCTTW,,,,
PCVX,PCVX,,,,
PCYO,PCYO,,,,
PDEX,PDEX,,,,
PDFS,PDFS,,,,
PDLB,PDLB,,,,
PDSB,PDSB,,,,
PDYN,PDYN,,,,
PDYNW,PDYNW,,,,
PEBK,PEBK,,,,
PEBO,PEBO,,,,
PECO,PECO,,,,
PELI,PELI,,,,
PELIR,PELIR,,,,
PELIU,PELIU,,,,
PENG,PENG,,,,
PEPG,PEPG,,,,
PERI,PERI,,,,
PESI,PESI,,,,
PETS,PETS,,,,
PETZ,PETZ,,,,
PFAI,PFAI,,,,
PFBC,PFBC,,,,
PFIS,PFIS,,,,
PFSA,PFSA,,,,
PFX,PFX,,,,
PFXNZ,PFXNZ,,,,
PGAC,PGAC,,,,
PGACR,PGACR,,,,
PGACU,PGACU,,,,
PGC,PGC,,,,
PGEN,PGEN,,,,
PGNY,PGNY,,,,
PGY,PGY,,,,
PGYWW,PGYWW,,,,
PHAR,PHAR,,,,
PHAT,PHAT,,,,
PHH,PHH,,,,
PHIO,PHIO,,,,
PHLT,PHLT,,,,
PHOE,PHOE,,,,
PHUN,PHUN,,,,
PHVS,PHVS,,,,
PI,PI,,,nan,
PIII,PIII,,,,
PIIIW,PIIIW,,,,
PINC,PINC,,,,
PKBK,PKBK,,,,
PKOH,PKOH,,,,
PLAB,PLAB,,,,
PLAY,PLAY,,,,
PLBC,PLBC,,,,
PLBL,PLBL,,,,
PLBY,PLBY,,,,
PLCE,PLCE,,,,
PLMK,PLMK,,,,
PLMKU,PLMKU,,,,
PLMKW,PLMKW,,,,
PLMR,PLMR,,,,
PLPC,PLPC,,,,
PLRX,PLRX,,,,
PLRZ,PLRZ,,,,
PLSE,PLSE,,,,
PLTK,PLTK,,,,
PLUG,PLUG,,,nan,
PLUR,PLUR,,,,
PLUS,PLUS,,,,
PLUT,PLUT,,,,
PLXS,PLXS,,,,
PMAX,PMAX,,,,
PMCB,PMCB,,,,
PMEC,PMEC,,,,
PMN,PMN,,,,
PMTR,PMTR,,,,
PMTRU,PMTRU,,,,
PMTRW,PMTRW,,,,
PMTS,PMTS,,,,
PMVP,PMVP,,,,
PN,PN,,,,
PNBK,PNBK,,,,
PNFPP,PNFPP,,,,
PNRG,PNRG,,,,
PNTG,PNTG,,,,
POAI,POAI,,,,
POCI,POCI,,,,
PODC,PODC,,,,
POET,POET,,,,
POLA,POLA,,,,
POLE,POLE,,,,
POLEU,POLEU,,,,
POLEW,POLEW,,,,
PONY,PONY,,,,
POWI,POWI,,,,
POWL,POWL,,,nan,
POWW,POWW,,,,
POWWP,POWWP,,,,
PPBT,PPBT,,,,
PPCB,PPCB,,,,
PPIH,PPIH,,,,
PPSI,PPSI,,,,
PPTA,PPTA,,,,
PRAA,PRAA,,,,
PRAX,PRAX,,,,
PRCH,PRCH,,,,
PRCT,PRCT,,,,
PRDO,PRDO,,,,
PRE,PRE,,,,
PRENW,PRENW,,,,
PRFX,PRFX,,,,
PRGS,PRGS,,,,
PRLD,PRLD,,,,
PRME,PRME,,,,
PROF,PROF,,,,
PROK,PROK,,,,
PROP,PROP,,,,
PROV,PROV,,,,
PRPH,PRPH,,,,
PRPL,PRPL,,,,
PRPO,PRPO,,,,
PRQR,PRQR,,,,
PRSO,PRSO,,,,
PRTA,PRTA,,,,
PRTC,PRTC,,,,
PRTH,PRTH,,,,
PRTS,PRTS,,,,
PRVA,PRVA,,,,
PRZO,PRZO,,,,
PSEC,PSEC,,,,
PSHG,PSHG,,,,
PSIG,PSIG,,,,
PSIX,PSIX,,,nan,
PSMT,PSMT,,,,
PSNL,PSNL,,,,
PSNY,PSNY,,,,
PSNYW,PSNYW,,,,
PSTV,PSTV,,,,
PT,PT,,,,
PTCT,PTCT,,,nan,
PTEN,PTEN,,,,
PTGX,PTGX,,,nan,
PTHL,PTHL,,,,
PTIX,PTIX,,,,
PTIXW,PTIXW,,,,
PTLE,PTLE,,,,
PTLO,PTLO,,,,
PTNM,PTNM,,,,
PTON,PTON,,,,
PUBM,PUBM,,,,
PULM,PULM,,,,
PVBC,PVBC,,,,
PVLA,PVLA,,,,
PWM,PWM,,,,
PWP,PWP,,,,
PXLW,PXLW,,,,
PXS,PXS,,,,
PXSAW,PXSAW,,,,
PYPD,PYPD,,,,
PYXS,PYXS,,,,
PZZA,PZZA,,,,
QCRH,QCRH,,,,
QDEL,QDEL,,,,
QETA,QETA,,,,
QETAR,QETAR,,,,
QETAU,QETAU,,,,
QFIN,QFIN,,,,
QH,QH,,,,
QIPT,QIPT,,,,
QLGN,QLGN,,,,
QLYS,QLYS,,,,
QMCO,QMCO,,,,
QMMM,QMMM,,,,
QNCX,QNCX,,,,
QNRX,QNRX,,,,
QNST,QNST,,,,
QNTM,QNTM,,,,
QQQX,QQQX,,,,
QRHC,QRHC,,,,
QSEA,QSEA,,,,
QSEAR,QSEAR,,,,
QSEAU,QSEAU,,,,
QSG,QSG,,,,
QSI,QSI,,,,
QSIAW,QSIAW,,,,
QTRX,QTRX,,,,
QTTB,QTTB,,,,
QUBT,QUBT,,,,
QUIK,QUIK,,,,
QUMSU,QUMSU,,,,
QURE,QURE,,,,
QVCGA,QVCGA,,,,
QVCGP,QVCGP,,,,
RAAQ,RAAQ,,,,
RAAQU,RAAQU,,,,
RAAQW,RAAQW,,,,
RADX,RADX,,,,
RAIL,RAIL,,,,
RAIN,RAIN,,,,
RAINW,RAINW,,,,
RAND,RAND,,,,
RANG,RANG,,,,
RANGR,RANGR,,,,
RANGU,RANGU,,,,
RANI,RANI,,,,
RAPP,RAPP,,,,
RAPT,RAPT,,,,
RAVE,RAVE,,,,
RAY,RAY,,,,
RAYA,RAYA,,,,
RBB,RBB,,,,
RBBN,RBBN,,,,
RBCAA,RBCAA,,,,
RBKB,RBKB,,,,
RBNE,RBNE,,,,
RCAT,RCAT,,,,
RCEL,RCEL,,,,
RCKT,RCKT,,,,
RCKTW,RCKTW,,,,
RCKY,RCKY,,,,
RCMT,RCMT,,,,
RCON,RCON,,,,
RCT,RCT,,,,
RDAC,RDAC,,,,
RDACR,RDACR,,,,
RDACU,RDACU,,,,
RDAG,RDAG,,,,
RDAGU,RDAGU,,,,
RDAGW,RDAGW,,,,
RDCM,RDCM,,,,
RDGT,RDGT,,,,
RDHL,RDHL,,,,
RDI,RDI,,,,
RDIB,RDIB,,,,
RDNT,RDNT,,,,
RDNW,RDNW,,,,
RDVT,RDVT,,,,
RDWR,RDWR,,,,
RDZN,RDZN,,,,
RDZNW,RDZNW,,,,
REAL,REAL,,,,
REAX,REAX,,,,
REBN,REBN,,,,
RECT,RECT,,,,
REE,REE,,,,
REFI,REFI,,,,
REFR,REFR,,,,
REGCO,REGCO,,,,
REGCP,REGCP,,,,
REKR,REKR,,,,
RELI,RELI,,,,
RELIW,RELIW,,,,
RELL,RELL,,,,
RELY,RELY,,,nan,
RENB,RENB,,,,
RENT,RENT,,,,
REPL,REPL,,,,
RETO,RETO,,,,
REVB,REVB,,,,
REVBW,REVBW,,,,
RFAI,RFAI,,,,
RFAIR,RFAIR,,,,
RFAIU,RFAIU,,,,
RFIL,RFIL,,,,
RGC,RGC,,,,
RGCO,RGCO,,,,
RGNX,RGNX,,,,
RGP,RGP,,,,
RGS,RGS,,,,
RGTI,RGTI,,,nan,
RGTIW,RGTIW,,,,
RHLD,RHLD,,,,
RIBB,RIBB,,,,
RIBBR,RIBBR,,,,
RIBBU,RIBBU,,,,
RICK,RICK,,,,
RIGL,RIGL,,,,
RILY,RILY,,,,
RILYG,RILYG,,,,
RILYK,RILYK,,,,
RILYL,RILYL,,,,
RILYN,RILYN,,,,
RILYP,RILYP,,,,
RILYT,RILYT,,,,
RILYZ,RILYZ,,,,
RIME,RIME,,,,
RIOT,RIOT,,,nan,
RITR,RITR,,,,
RKDA,RKDA,,,,
RLAY,RLAY,,,,
RLMD,RLMD,,,,
RLYB,RLYB,,,,
RMBI,RMBI,,,,
RMBS,RMBS,,,nan,
RMCF,RMCF,,,,
RMCO,RMCO,,,,
RMCOW,RMCOW,,,,
RMNI,RMNI,,,,
RMR,RMR,,,,
RMSG,RMSG,,,,
RMSGW,RMSGW,,,,
RMTI,RMTI,,,,
RNA,RNA,,,,
RNAC,RNAC,,,,
RNAZ,RNAZ,,,,
RNTX,RNTX,,,,
RNW,RNW,,,,
RNWWW,RNWWW,,,,
RNXT,RNXT,,,,
ROAD,ROAD,,,,
ROCK,ROCK,,,,
ROMA,ROMA,,,,
ROOT,ROOT,,,,
RPAY,RPAY,,,,
RPD,RPD,,,,
RPID,RPID,,,,
RPTX,RPTX,,,,
RR,RR,,,,
RRBI,RRBI,,,,
RRGB,RRGB,,,,
RRR,RRR,,,,
RSSS,RSSS,,,,
RSVR,RSVR,,,,
RSVRW,RSVRW,,,,
RTAC,RTAC,,,,
RTACU,RTACU,,,,
RTACW,RTACW,,,,
RUBI,RUBI,,,,
RUM,RUM,,,,
RUMBW,RUMBW,,,,
RUN,RUN,,,,
RUSHA,RUSHA,,,,
RUSHB,RUSHB,,,,
RVMDW,RVMDW,,,,
RVPH,RVPH,,,,
RVPHW,RVPHW,,,,
RVSB,RVSB,,,,
RVSN,RVSN,,,,
RVSNW,RVSNW,,,,
RVYL,RVYL,,,,
RWAY,RWAY,,,,
RWAYL,RWAYL,,,,
RWAYZ,RWAYZ,,,,
RXRX,RXRX,,,nan,
RXST,RXST,,,,
RXT,RXT,,,,
RYAAY,RYAAY,,,nan,
RYET,RYET,,,,
RYM,RYM,,,,
RYOJ,RYOJ,,,,
RYTM,RYTM,,,nan,
RZLT,RZLT,,,,
RZLV,RZLV,,,,
RZLVW,RZLVW,,,,
SABR,SABR,,,,
SABS,SABS,,,,
SABSW,SABSW,,,,
SAFT,SAFT,,,,
SAFX,SAFX,,,,
SAGT,SAGT,,,,
SAIH,SAIH,,,,
SAIHW,SAIHW,,,,
SAMG,SAMG,,,,
SANA,SANA,,,,
SANG,SANG,,,,
SANM,SANM,,,nan,
SATL,SATL,,,,
SATLW,SATLW,,,,
SATS,SATS,,,,
SAVA,SAVA,,,,
SBC,SBC,,,,
SBCF,SBCF,,,,
SBCWW,SBCWW,,,,
SBET,SBET,,,,
SBFG,SBFG,,,,
SBFM,SBFM,,,,
SBFMW,SBFMW,,,,
SBGI,SBGI,,,,
SBLK,SBLK,,,,
SBLX,SBLX,,,,
SBRA,SBRA,,,,
SCAG,SCAG,,,,
SCAGW,SCAGW,,,,
SCHL,SCHL,,,,
SCKT,SCKT,,,,
SCLX,SCLX,,,,
SCLXW,SCLXW,,,,
SCNI,SCNI,,,,
SCNX,SCNX,,,,
SCOR,SCOR,,,,
SCPH,SCPH,,,,
SCSC,SCSC,,,,
SCVL,SCVL,,,,
SCWO,SCWO,,,,
SCYX,SCYX,,,,
SDA,SDA,,,,
SDAWW,SDAWW,,,,
SDGR,SDGR,,,,
SDHI,SDHI,,,,
SDHIR,SDHIR,,,,
SDHIU,SDHIU,,,,
SDM,SDM,,,,
SDOT,SDOT,,,,
SDST,SDST,,,,
SDSTW,SDSTW,,,,
SEAT,SEAT,,,,
SEATW,SEATW,,,,
SEDG,SEDG,,,,
SEED,SEED,,,,
SEER,SEER,,,,
SEGG,SEGG,,,,
SELF,SELF,,,,
SELX,SELX,,,,
SENEA,SENEA,,,,
SENEB,SENEB,,,,
SEPN,SEPN,,,,
SERA,SERA,,,,
SERV,SERV,,,nan,
SEVN,SEVN,,,,
SEZL,SEZL,,,nan,
SFBC,SFBC,,,,
SFHG,SFHG,,,,
SFIX,SFIX,,,,
SFNC,SFNC,,,,
SFST,SFST,,,,
SFWL,SFWL,,,,
SGA,SGA,,,,
SGBX,SGBX,,,,
SGC,SGC,,,,
SGD,SGD,,,,
SGHT,SGHT,,,,
SGLY,SGLY,,,,
SGML,SGML,,,,
SGMO,SGMO,,,,
SGMT,SGMT,,,,
SGRP,SGRP,,,,
SGRY,SGRY,,,,
SHBI,SHBI,,,,
SHEN,SHEN,,,,
SHFS,SHFS,,,,
SHFSW,SHFSW,,,,
SHIM,SHIM,,,,
SHIP,SHIP,,,,
SHLS,SHLS,,,,
SHMD,SHMD,,,,
SHMDW,SHMDW,,,,
SHOO,SHOO,,,,
SHOT,SHOT,,,,
SHOTW,SHOTW,,,,
SHPH,SHPH,,,,
SIBN,SIBN,,,,
SIDU,SIDU,,,,
SIEB,SIEB,,,,
SIFY,SIFY,,,,
SIGA,SIGA,,,,
SIGI,SIGI,,,,
SIGIP,SIGIP,,,,
SILC,SILC,,,,
SILO,SILO,,,,
SIMA,SIMA,,,,
SIMAU,SIMAU,,,,
SIMAW,SIMAW,,,,
SIMO,SIMO,,,,
SINT,SINT,,,,
SION,SION,,,,
SISI,SISI,,,,
SITM,SITM,,,nan,
SJ,SJ,,,,
SKBL,SKBL,,,,
SKIN,SKIN,,,,
SKK,SKK,,,,
SKWD,SKWD,,,,
SKYE,SKYE,,,,
SKYQ,SKYQ,,,,
SKYT,SKYT,,,,
SKYW,SKYW,,,,
SKYX,SKYX,,,,
SLAB,SLAB,,,,
SLDB,SLDB,,,,
SLDE,SLDE,,,,
SLDP,SLDP,,,,
SLDPW,SLDPW,,,,
SLE,SLE,,,,
SLGL,SLGL,,,,
SLMBP,SLMBP,,,,
SLN,SLN,,,,
SLNG,SLNG,,,,
SLNH,SLNH,,,,
SLNHP,SLNHP,,,,
SLNO,SLNO,,,nan,
SLP,SLP,,,,
SLRC,SLRC,,,,
SLRX,SLRX,,,,
SLS,SLS,,,,
SLSN,SLSN,,,,
SLVO,SLVO,,,,
SLXN,SLXN,,,,
SLXNW,SLXNW,,,,
SMBC,SMBC,,,,
SMID,SMID,,,,
SMLR,SMLR,,,,
SMPL,SMPL,,,,
SMSI,SMSI,,,,
SMTC,SMTC,,,,
SMTI,SMTI,,,,
SMTK,SMTK,,,,
SMX,SMX,,,,
SMXT,SMXT,,,,
SMXWW,SMXWW,,,,
SNAL,SNAL,,,,
SNBR,SNBR,,,,
SNCR,SNCR,,,,
SNCY,SNCY,,,,
SND,SND,,,,
SNDL,SNDL,,,,
SNDX,SNDX,,,,
SNES,SNES,,,,
SNEX,SNEX,,,,
SNFCA,SNFCA,,,,
SNGX,SNGX,,,,
SNOA,SNOA,,,,
SNSE,SNSE,,,,
SNT,SNT,,,,
SNTG,SNTG,,,,
SNTI,SNTI,,,,
SNWV,SNWV,,,,
SNY,SNY,,,,
SNYR,SNYR,,,,
SOBR,SOBR,,,,
SOCA,SOCA,,,,
SOCAU,SOCAU,,,,
SOCAW,SOCAW,,,,
SOGP,SOGP,,,,
SOHO,SOHO,,,,
SOHOB,SOHOB,,,,
SOHON,SOHON,,,,
SOHOO,SOHOO,,,,
SOHU,SOHU,,,,
SOND,SOND,,,,
SONDW,SONDW,,,,
SONM,SONM,,,,
SONN,SONN,,,,
SONO,SONO,,,,
SOPA,SOPA,,,,
SOPH,SOPH,,,,
SORA,SORA,,,,
SOTK,SOTK,,,,
SOUN,SOUN,,,nan,
SOUNW,SOUNW,,,,
SOWG,SOWG,,,,
SPAI,SPAI,,,,
SPCB,SPCB,,,,
SPEGU,SPEGU,,,,
SPFI,SPFI,,,,
SPHL,SPHL,,,,
SPKL,SPKL,,,,
SPKLU,SPKLU,,,,
SPKLW,SPKLW,,,,
SPNS,SPNS,,,,
SPOK,SPOK,,,,
SPPL,SPPL,,,,
SPRC,SPRC,,,,
SPRO,SPRO,,,,
SPRY,SPRY,,,,
SPSC,SPSC,,,,
SPT,SPT,,,,
SPTN,SPTN,,,,
SPWH,SPWH,,,,
SPWR,SPWR,,,,
SPWRW,SPWRW,,,,
SQFT,SQFT,,,,
SQFTP,SQFTP,,,,
SQFTW,SQFTW,,,,
SRAD,SRAD,,,,
SRBK,SRBK,,,,
SRCE,SRCE,,,,
SRDX,SRDX,,,,
SRRK,SRRK,,,nan,
SRTA,SRTA,,,,
SRTAW,SRTAW,,,,
SRTS,SRTS,,,,
SRZN,SRZN,,,,
SRZNW,SRZNW,,,,
SSBI,SSBI,,,,
SSEAU,SSEAU,,,,
SSII,SSII,,,,
SSKN,SSKN,,,,
SSM,SSM,,,,
SSP,SSP,,,,
SSRM,SSRM,,,,
SSSS,SSSS,,,,
SSSSL,SSSSL,,,,
SSTI,SSTI,,,,
SSYS,SSYS,,,,
STAA,STAA,,,,
STAI,STAI,,,,
STAK,STAK,,,,
STBA,STBA,,,,
STEC,STEC,,,,
STEP,STEP,,,,
STFS,STFS,,,,
STGW,STGW,,,,
STHO,STHO,,,,
STI,STI,,,nan,
STIM,STIM,,,,
STKH,STKH,,,,
STKL,STKL,,,,
STKS,STKS,,,,
STNE,STNE,,,nan,
STOK,STOK,,,,
STRA,STRA,,,,
STRC,STRC,,,,
STRD,STRD,,,,
STRF,STRF,,,,
STRK,STRK,,,,
STRL,STRL,,,nan,
STRO,STRO,,,,
STRR,STRR,,,,
STRRP,STRRP,,,,
STRS,STRS,,,,
STRT,STRT,,,,
STRZ,STRZ,,,,
STSS,STSS,,,nan,
STSSW,STSSW,,,,
STTK,STTK,,,,
SUGP,SUGP,,,,
SUIG,SUIG,,,,
SUNE,SUNE,,,,
SUNS,SUNS,,,,
SUPN,SUPN,,,,
SUPX,SUPX,,,,
SURG,SURG,,,,
SUUN,SUUN,,,,
SVA,SVA,,,,
SVACU,SVACU,,,,
SVC,SVC,,,,
SVCC,SVCC,,,,
SVCCU,SVCCU,,,,
SVCCW,SVCCW,,,,
SVCO,SVCO,,,,
SVII,SVII,,,,
SVIIR,SVIIR,,,,
SVIIU,SVIIU,,,,
SVIIW,SVIIW,,,,
SVRA,SVRA,,,,
SVRE,SVRE,,,,
SVREW,SVREW,,,,
SWAG,SWAG,,,,
SWAGW,SWAGW,,,,
SWBI,SWBI,,,,
SWIM,SWIM,,,,
SWIN,SWIN,,,,
SWKH,SWKH,,,,
SWKHL,SWKHL,,,,
SWVL,SWVL,,,,
SWVLW,SWVLW,,,,
SXTC,SXTC,,,,
SXTP,SXTP,,,,
SXTPW,SXTPW,,,,
SY,SY,,,,
SYBT,SYBT,,,,
SYBX,SYBX,,,,
SYM,SYM,,,nan,
SYNA,SYNA,,,,
SYPR,SYPR,,,,
SYRE,SYRE,,,,
SYTA,SYTA,,,,
SYTAW,SYTAW,,,,
SZZL,SZZL,,,,
SZZLR,SZZLR,,,,
SZZLU,SZZLU,,,,
TACH,TACH,,,,
TACHU,TACHU,,,,
TACHW,TACHW,,,,
TACO,TACO,,,,
TACOU,TACOU,,,,
TACOW,TACOW,,,,
TACT,TACT,,,,
TAIT,TAIT,,,,
TALK,TALK,,,,
TALKW,TALKW,,,,
TANH,TANH,,,,
TAOP,TAOP,,,,
TAOX,TAOX,,,,
TARA,TARA,,,,
TARS,TARS,,,,
TASK,TASK,,,,
TATT,TATT,,,,
TAVI,TAVI,,,,
TAVIR,TAVIR,,,,
TAVIU,TAVIU,,,,
TAYD,TAYD,,,,
TBBK,TBBK,,,,
TBCH,TBCH,,,,
TBH,TBH,,,,
TBHC,TBHC,,,,
TBLA,TBLA,,,,
TBLAW,TBLAW,,,,
TBLD,TBLD,,,,
TBMC,TBMC,,,,
TBMCR,TBMCR,,,,
TBPH,TBPH,,,,
TBRG,TBRG,,,,
TC,TC,,,,
TCBI,TCBI,,,,
TCBIO,TCBIO,,,,
TCBK,TCBK,,,,
TCBS,TCBS,,,,
TCBX,TCBX,,,,
TCMD,TCMD,,,,
TCOM,TCOM,,,,
TCPC,TCPC,,,,
TCRT,TCRT,,,,
TCRX,TCRX,,,,
TCX,TCX,,,,
TDAC,TDAC,,,,
TDACU,TDACU,,,,
TDACW,TDACW,,,,
TDIC,TDIC,,,,
TDTH,TDTH,,,,
TDUP,TDUP,,,,
TEAD,TEAD,,,,
TECTP,TECTP,,,,
TECX,TECX,,,,
TELA,TELA,,,,
TELO,TELO,,,,
TENB,TENB,,,,
TENX,TENX,,,,
TERN,TERN,,,,
TGHL,TGHL,,,,
TGL,TGL,,,,
TGTX,TGTX,,,nan,
TH,TH,,,,
THAR,THAR,,,nan,
THCH,THCH,,,,
THFF,THFF,,,,
THH,THH,,,,
THRM,THRM,,,,
THRY,THRY,,,,
THTX,THTX,,,,
TIGR,TIGR,,,nan,
TIL,TIL,,,,
TILE,TILE,,,,
TIPT,TIPT,,,,
TIRX,TIRX,,,,
TITN,TITN,,,,
TIVC,TIVC,,,,
TKLF,TKLF,,,,
TKNO,TKNO,,,,
TLF,TLF,,,,
TLIH,TLIH,,,,
TLPH,TLPH,,,,
TLRY,TLRY,,,nan,
TLS,TLS,,,,
TLSA,TLSA,,,,
TLSI,TLSI,,,,
TLSIW,TLSIW,,,,
TLX,TLX,,,,
TMC,TMC,,,,
TMCI,TMCI,,,,
TMCWW,TMCWW,,,,
TMDX,TMDX,,,nan,
TMUSI,TMUSI,,,,
TMUSL,TMUSL,,,,
TMUSZ,TMUSZ,,,,
TNDM,TNDM,,,,
TNFA,TNFA,,,,
TNGX,TNGX,,,,
TNMG,TNMG,,,,
TNON,TNON,,,,
TNONW,TNONW,,,,
TNXP,TNXP,,,,
TNYA,TNYA,,,,
TOI,TOI,,,,
TOIIW,TOIIW,,,,
TOMZ,TOMZ,,,,
TONX,TONX,,,,
TOP,TOP,,,,
TORO,TORO,,,,
TOUR,TOUR,,,,
TOWN,TOWN,,,,
TOYO,TOYO,,,,
TPCS,TPCS,,,,
TPGXL,TPGXL,,,,
TPST,TPST,,,,
TRAW,TRAW,,,,
TRDA,TRDA,,,,
TREE,TREE,,,,
TRIB,TRIB,,,,
TRIN,TRIN,,,,
TRINI,TRINI,,,,
TRINZ,TRINZ,,,,
TRIP,TRIP,,,,
TRMD,TRMD,,,,
TRMK,TRMK,,,,
TRML,TRML,,,,
TRNR,TRNR,,,,
TRNS,TRNS,,,,
TRON,TRON,,,,
TROO,TROO,,,,
TRS,TRS,,,,
TRSG,TRSG,,,,
TRST,TRST,,,,
TRUE,TRUE,,,,
TRUG,TRUG,,,,
TRUP,TRUP,,,,
TRVG,TRVG,,,,
TRVI,TRVI,,,,
TSAT,TSAT,,,,
TSBK,TSBK,,,,
TSEM,TSEM,,,,
TSHA,TSHA,,,,
TSSI,TSSI,,,,
TTAN,TTAN,,,,
TTEC,TTEC,,,,
TTGT,TTGT,,,,
TTMI,TTMI,,,nan,
TTNP,TTNP,,,,
TTSH,TTSH,,,,
TURB,TURB,,,,
TURN,TURN,,,,
TUSK,TUSK,,,,
TVA,TVA,,,,
TVACU,TVACU,,,,
TVACW,TVACW,,,,
TVAI,TVAI,,,,
TVAIR,TVAIR,,,,
TVAIU,TVAIU,,,,
TVGN,TVGN,,,,
TVGNW,TVGNW,,,,
TVRD,TVRD,,,,
TVTX,TVTX,,,,
TWFG,TWFG,,,,
TWG,TWG,,,,
TWIN,TWIN,,,,
TWNP,TWNP,,,,
TWST,TWST,,,,
TXG,TXG,,,,
TXMD,TXMD,,,,
TYGO,TYGO,,,,
TYRA,TYRA,,,,
TZOO,TZOO,,,,
TZUP,TZUP,,,,
UBCP,UBCP,,,,
UBFO,UBFO,,,,
UBSI,UBSI,,,,
UBXG,UBXG,,,,
UCAR,UCAR,,,,
UCL,UCL,,,,
UCTT,UCTT,,,,
UDMY,UDMY,,,,
UEIC,UEIC,,,,
UFCS,UFCS,,,,
UFG,UFG,,,,
UFPI,UFPI,,,,
UFPT,UFPT,,,,
UG,UG,,,,
UGRO,UGRO,,,,
UHG,UHG,,,,
UHGWW,UHGWW,,,,
UK,UK,,,,
UKOMW,UKOMW,,,,
ULBI,ULBI,,,,
ULCC,ULCC,,,,
ULH,ULH,,,,
ULY,ULY,,,,
UMBF,UMBF,,,nan,
UMBFO,UMBFO,,,,
UNB,UNB,,,,
UNCY,UNCY,,,,
UNIT,UNIT,,,,
UNTY,UNTY,,,,
UOKA,UOKA,,,,
UONE,UONE,,,,
UONEK,UONEK,,,,
UPB,UPB,,,,
UPBD,UPBD,,,,
UPC,UPC,,,,
UPLD,UPLD,,,,
UPST,UPST,,,nan,
UPWK,UPWK,,,,
UPXI,UPXI,,,,
URBN,URBN,,,,
URGN,URGN,,,,
UROY,UROY,,,,
USAR,USAR,,,,
USARW,USARW,,,,
USAU,USAU,,,,
USCB,USCB,,,,
USEA,USEA,,,,
USEG,USEG,,,,
USGO,USGO,,,,
USGOW,USGOW,,,,
USIO,USIO,,,,
USLM,USLM,,,,
USOI,USOI,,,,
UTMD,UTMD,,,,
UTSI,UTSI,,,,
UVSP,UVSP,,,,
UXIN,UXIN,,,,
UYSC,UYSC,,,,
UYSCR,UYSCR,,,,
UYSCU,UYSCU,,,,
VABK,VABK,,,,
VACH,VACH,,,,
VACHU,VACHU,,,,
VACHW,VACHW,,,,
VALN,VALN,,,,
VALU,VALU,,,,
VANI,VANI,,,,
VBIX,VBIX,,,,
VBNK,VBNK,,,,
VBTX,VBTX,,,,
VC,VC,,,,
VCEL,VCEL,,,,
VCIC,VCIC,,,,
VCICU,VCICU,,,,
VCICW,VCICW,,,,
VCIG,VCIG,,,,
VCTR,VCTR,,,,
VCYT,VCYT,,,,
VECO,VECO,,,,
VEEA,VEEA,,,,
VEEAW,VEEAW,,,,
VEEE,VEEE,,,,
VELO,VELO,,,,
VEON,VEON,,,,
VERA,VERA,,,,
VERI,VERI,,,,
VERO,VERO,,,,
VERU,VERU,,,,
VERX,VERX,,,,
VFF,VFF,,,,
VFS,VFS,,,,
VFSWW,VFSWW,,,,
VGAS,VGAS,,,,
VGASW,VGASW,,,,
VIASP,VIASP,,,,
VIAV,VIAV,,,,
VICR,VICR,,,,
VINP,VINP,,,,
VIOT,VIOT,,,,
VIR,VIR,,,,
VIRC,VIRC,,,,
VITL,VITL,,,,
VIVK,VIVK,,,,
VIVS,VIVS,,,,
VLGEA,VLGEA,,,,
VLY,VLY,,,nan,
VLYPN,VLYPN,,,,
VLYPO,VLYPO,,,,
VLYPP,VLYPP,,,,
VMAR,VMAR,,,,
VMD,VMD,,,,
VMEO,VMEO,,,,
VNDA,VNDA,,,,
VNET,VNET,,,nan,
VNME,VNME,,,,
VNMEU,VNMEU,,,,
VNMEW,VNMEW,,,,
VOD,VOD,,,,
VOR,VOR,,,,
VOXR,VOXR,,,,
VRA,VRA,,,,
VRAR,VRAR,,,,
VRAX,VRAX,,,,
VRCA,VRCA,,,,
VRDN,VRDN,,,,
VREX,VREX,,,,
VRM,VRM,,,,
VRME,VRME,,,,
VRNA,VRNA,,,,
VRNS,VRNS,,,nan,
VRNT,VRNT,,,nan,
VRRM,VRRM,,,,
VS,VS,,,,
VSA,VSA,,,,
VSAT,VSAT,,,,
VSEC,VSEC,,,,
VSEE,VSEE,,,,
VSEEW,VSEEW,,,,
VSME,VSME,,,,
VSSYW,VSSYW,,,,
VSTA,VSTA,,,,
VSTD,VSTD,,,,
VSTM,VSTM,,,,
VTGN,VTGN,,,,
VTSI,VTSI,,,,
VTVT,VTVT,,,,
VTYX,VTYX,,,,
VUZI,VUZI,,,,
VVOS,VVOS,,,,
VVPR,VVPR,,,,
VWAV,VWAV,,,,
VWAVW,VWAVW,,,,
VYGR,VYGR,,,,
VYNE,VYNE,,,,
WABC,WABC,,,,
WAFD,WAFD,,,,
WAFDP,WAFDP,,,,
WAFU,WAFU,,,,
WAI,WAI,,,,
WALD,WALD,,,,
WALDW,WALDW,,,,
WASH,WASH,,,,
WATT,WATT,,,,
WAVE,WAVE,,,,
WAY,WAY,,,nan,
WB,WB,,,,
WBTN,WBTN,,,,
WBUY,WBUY,,,,
WCT,WCT,,,,
WDFC,WDFC,,,,
WENN,WENN,,,,
WENNU,WENNU,,,,
WENNW,WENNW,,,,
WERN,WERN,,,,
WEST,WEST,,,,
WETH,WETH,,,,
WETO,WETO,,,,
WEYS,WEYS,,,,
WFCF,WFCF,,,,
WFF,WFF,,,,
WGRX,WGRX,,,,
WGS,WGS,,,nan,
WGSWW,WGSWW,,,,
WHF,WHF,,,,
WHFCL,WHFCL,,,,
WHLR,WHLR,,,,
WHLRD,WHLRD,,,,
WHLRL,WHLRL,,,,
WHLRP,WHLRP,,,,
WHWK,WHWK,,,,
WILC,WILC,,,,
WIMI,WIMI,,,,
WINA,WINA,,,,
WIX,WIX,,,,
WKEY,WKEY,,,,
WKHS,WKHS,,,,
WKSP,WKSP,,,,
WLAC,WLAC,,,,
WLACU,WLACU,,,,
WLACW,WLACW,,,,
WLDN,WLDN,,,,
WLDS,WLDS,,,,
WLDSW,WLDSW,,,,
WLFC,WLFC,,,,
WMG,WMG,,,,
WNEB,WNEB,,,,
WNW,WNW,,,,
WOK,WOK,,,,
WOOF,WOOF,,,,
WORX,WORX,,,,
WPRT,WPRT,,,,
WRAP,WRAP,,,,
WRD,WRD,,,,
WRLD,WRLD,,,,
WSBC,WSBC,,,,
WSBCP,WSBCP,,,,
WSBF,WSBF,,,,
WSBK,WSBK,,,,
WSFS,WSFS,,,,
WTBA,WTBA,,,,
WTF,WTF,,,,
WTFCN,WTFCN,,,,
WTG,WTG,,,,
WTGUR,WTGUR,,,,
WTGUU,WTGUU,,,,
WTO,WTO,,,,
WULF,WULF,,,nan,
WVE,WVE,,,,
WVVI,WVVI,,,,
WVVIP,WVVIP,,,,
WW,WW,,,,
WXM,WXM,,,,
WYFI,WYFI,,,,
WYHG,WYHG,,,,
XAGE,XAGE,,,,
XAGEW,XAGEW,,,,
XAIR,XAIR,,,,
XBIO,XBIO,,,,
XBIT,XBIT,,,,
XBP,XBP,,,,
XBPEW,XBPEW,,,,
XCH,XCH,,,,
XCUR,XCUR,,,,
XELB,XELB,,,,
XENE,XENE,,,,
XERS,XERS,,,,
XFOR,XFOR,,,,
XGN,XGN,,,,
XHG,XHG,,,,
XHLD,XHLD,,,,
XLO,XLO,,,,
XMTR,XMTR,,,,
XNCR,XNCR,,,,
XNET,XNET,,,,
XOMA,XOMA,,,,
XOMAO,XOMAO,,,,
XOMAP,XOMAP,,,,
XOS,XOS,,,,
XOSWW,XOSWW,,,,
XPEL,XPEL,,,,
XPON,XPON,,,,
XRTX,XRTX,,,,
XRX,XRX,,,,
XTIA,XTIA,,,,
XTKG,XTKG,,,,
XTLB,XTLB,,,,
XWEL,XWEL,,,,
XXII,XXII,,,,
YAAS,YAAS,,,,
YB,YB,,,,
YDES,YDES,,,,
YDESW,YDESW,,,,
YGMZ,YGMZ,,,,
YHC,YHC,,,,
YHGJ,YHGJ,,,,
YHNA,YHNA,,,,
YHNAR,YHNAR,,,,
YHNAU,YHNAU,,,,
YI,YI,,,,
YIBO,YIBO,,,,
YJ,YJ,,,,
YMAB,YMAB,,,,
YMAT,YMAT,,,,
YMT,YMT,,,,
YORK,YORK,,,,
YORKU,YORKU,,,,
YORKW,YORKW,,,,
YORW,YORW,,,,
YOUL,YOUL,,,,
YQ,YQ,,,,
YSXT,YSXT,,,,
YTRA,YTRA,,,,
YXT,YXT,,,,
YYAI,YYAI,,,,
YYGH,YYGH,,,,
ZBAI,ZBAI,,,,
ZBAO,ZBAO,,,,
ZBIO,ZBIO,,,,
ZCMD,ZCMD,,,,
ZD,ZD,,,,
ZDAI,ZDAI,,,,
ZENA,ZENA,,,,
ZENV,ZENV,,,,
ZEO,ZEO,,,,
ZEOWW,ZEOWW,,,,
ZEUS,ZEUS,,,,
ZIMV,ZIMV,,,,
ZIONP,ZIONP,,,,
ZJK,ZJK,,,,
ZJYL,ZJYL,,,,
ZKIN,ZKIN,,,,
ZLAB,ZLAB,,,,
ZNB,ZNB,,,,
ZNTL,ZNTL,,,,
ZOOZ,ZOOZ,,,,
ZOOZW,ZOOZW,,,,
ZSPC,ZSPC,,,,
ZTEK,ZTEK,,,,
ZUMZ,ZUMZ,,,,
ZURA,ZURA,,,,
ZVRA,ZVRA,,,,
ZYBT,ZYBT,,,,
ZYME,ZYME,,,,
ZYXI,ZYXI,,,,
NA,NA,,,,
